order_value,customer_orders,customer_returns,discount_percent,delivery_distance_km,product_category,payment_method,days_since_last_order,returned
3131.21,39,1,22,2.4,Clothing,Credit Card,30,1
1461.9,29,7,14,5.8,Footwear,UPI,37,0
2259.68,15,3,24,9.8,Clothing,COD,18,1
471.98,43,5,59,5.6,Home,Debit Card,76,0
1270.65,8,2,29,2.7,Electronics,UPI,11,1
2975.67,21,2,43,14.5,Footwear,Credit Card,60,0
1340.58,39,4,42,8.4,Home,Credit Card,59,0
504.8,19,4,3,9.3,Footwear,UPI,70,1
971.52,23,6,12,4.6,Electronics,UPI,26,0
705.15,11,1,49,2.7,Clothing,UPI,80,1
2558.93,11,2,39,3.9,Footwear,UPI,38,0
1962.75,24,8,38,5.2,Clothing,UPI,9,1
606.06,36,2,53,5.5,Electronics,UPI,82,0
574.46,40,4,22,7.3,Electronics,UPI,83,0
1088.55,24,5,59,16.4,Home,UPI,73,1
1848.08,3,1,15,13.5,Electronics,COD,46,0
1129.68,22,5,34,12.7,Books,Credit Card,44,1
2310.36,2,0,53,2.8,Clothing,Credit Card,42,1
2254.99,24,7,57,12.1,Home,Credit Card,73,1
2624.41,44,10,15,16.1,Electronics,UPI,69,0
672.27,30,8,47,5.5,Books,COD,23,1
1490.59,38,7,6,2.6,Electronics,Credit Card,34,0
3838.37,2,0,54,11.5,Electronics,Credit Card,22,0
1129.69,21,1,44,13.3,Electronics,COD,69,0
1023.02,33,7,12,7.9,Electronics,Debit Card,65,0
1284.56,12,1,52,14.8,Clothing,UPI,26,0
1262.2,22,3,50,8.4,Home,COD,82,1
1968.51,44,2,49,3.5,Clothing,COD,55,0
1203.43,25,7,28,8.3,Home,COD,90,0
439.72,49,5,38,9.0,Home,UPI,15,1
4145.26,27,11,19,7.8,Books,COD,66,1
2577.29,42,8,49,2.1,Electronics,Credit Card,53,1
2006.92,28,11,28,22.7,Electronics,Debit Card,79,1
1692.7,16,1,55,31.4,Electronics,UPI,11,0
1442.46,15,4,17,6.6,Clothing,UPI,58,1
1032.79,47,9,21,7.2,Clothing,UPI,84,0
485.75,44,12,35,8.3,Clothing,Credit Card,42,1
5648.85,3,0,40,7.5,Clothing,UPI,81,0
1834.68,37,7,52,3.6,Footwear,UPI,69,0
585.36,7,2,47,14.1,Clothing,COD,33,1
881.56,21,4,35,14.6,Clothing,Debit Card,44,1
2237.55,9,2,7,7.4,Electronics,Credit Card,89,0
2206.52,39,9,2,7.0,Footwear,Debit Card,7,0
1071.43,18,5,28,6.8,Footwear,Credit Card,79,1
850.22,4,0,8,13.8,Home,UPI,52,0
1211.29,25,4,7,8.2,Books,Credit Card,13,0
468.44,14,0,29,6.6,Home,Debit Card,32,0
1296.0,9,0,11,2.7,Clothing,UPI,39,0
1305.69,26,1,45,15.4,Clothing,UPI,78,0
5264.03,2,0,27,4.3,Books,UPI,63,0
1318.86,20,3,55,2.6,Home,Credit Card,20,0
2158.12,28,4,41,12.2,Home,UPI,16,1
5534.75,47,10,52,8.1,Home,Debit Card,30,0
856.54,7,1,48,32.5,Clothing,UPI,19,1
1167.61,44,9,42,2.3,Home,Debit Card,86,0
1239.44,8,1,9,5.0,Electronics,COD,74,0
559.92,47,2,12,12.2,Clothing,COD,72,0
1505.61,35,2,56,7.8,Clothing,Debit Card,78,1
4082.13,14,1,1,9.1,Footwear,UPI,75,0
3267.85,17,8,0,9.1,Clothing,Debit Card,30,0
4136.44,36,4,21,1.5,Clothing,Credit Card,34,0
1160.19,40,1,32,9.6,Footwear,Debit Card,39,0
820.22,4,1,15,13.5,Clothing,COD,49,1
8771.26,2,0,41,3.8,Clothing,UPI,5,0
2101.36,6,0,57,4.0,Footwear,Credit Card,43,0
584.84,42,7,28,5.6,Home,UPI,47,0
10853.87,4,1,9,2.5,Clothing,UPI,59,1
1697.67,29,9,38,3.4,Footwear,Credit Card,69,1
300.0,18,1,6,8.5,Footwear,Credit Card,17,0
5004.89,26,1,60,18.6,Electronics,Credit Card,19,0
358.79,44,15,0,5.1,Clothing,Debit Card,46,0
2212.53,34,7,25,24.0,Electronics,Credit Card,56,1
3260.75,10,1,44,5.0,Footwear,COD,26,0
2913.11,36,12,4,14.4,Footwear,Debit Card,66,0
5373.65,14,4,34,4.2,Electronics,COD,14,1
3684.86,31,3,60,10.6,Footwear,Debit Card,52,1
6631.89,48,8,12,21.9,Books,Credit Card,4,1
1694.1,15,1,26,12.4,Clothing,Credit Card,3,0
1353.53,8,1,11,7.2,Books,Debit Card,79,0
1418.48,14,1,29,6.8,Books,Debit Card,22,0
4729.4,23,5,49,10.7,Home,Debit Card,50,0
1155.67,40,9,31,13.2,Home,Debit Card,64,0
3272.09,21,1,58,14.3,Clothing,COD,83,1
990.36,16,3,30,8.6,Clothing,UPI,10,1
1002.97,45,3,4,10.4,Books,Credit Card,56,0
4142.27,18,4,36,4.0,Clothing,Credit Card,16,1
2454.47,47,17,1,11.4,Electronics,UPI,37,0
398.72,24,4,37,4.3,Electronics,COD,55,1
994.59,26,4,6,9.2,Home,Debit Card,22,0
300.0,25,5,0,6.1,Clothing,UPI,32,1
1390.1,45,2,2,20.4,Electronics,UPI,44,0
1493.09,41,11,19,8.5,Home,Debit Card,81,0
1297.47,29,11,1,21.9,Clothing,UPI,73,1
4207.17,15,4,41,7.9,Footwear,Credit Card,52,1
2414.24,45,12,42,24.4,Electronics,UPI,33,1
10158.8,1,0,20,11.8,Electronics,COD,2,0
2627.75,25,6,44,1.6,Electronics,Debit Card,14,1
2661.82,7,0,31,6.2,Footwear,UPI,61,0
2187.24,9,2,47,4.6,Home,COD,65,1
1497.71,24,6,19,2.7,Home,COD,86,1
1147.39,1,0,42,4.4,Clothing,Credit Card,30,1
1533.81,44,7,49,5.3,Books,UPI,27,0
1583.9,8,2,30,1.7,Electronics,Debit Card,64,0
1692.66,24,2,42,7.1,Electronics,UPI,33,0
2821.97,11,0,32,11.4,Home,Credit Card,53,0
2230.66,17,4,23,33.0,Clothing,UPI,80,1
1259.1,8,2,17,19.1,Home,Credit Card,10,1
1078.47,35,12,19,6.9,Electronics,UPI,27,0
2115.39,35,4,59,8.3,Electronics,Debit Card,37,0
945.09,33,5,31,12.2,Footwear,UPI,2,0
1341.02,5,1,57,7.3,Electronics,Credit Card,43,1
1246.45,42,18,4,8.6,Electronics,Debit Card,83,0
9879.65,39,10,1,4.4,Clothing,UPI,19,0
741.05,41,8,25,8.1,Clothing,Debit Card,11,0
1038.11,28,10,24,8.9,Home,UPI,52,0
1225.49,7,1,49,2.8,Home,Debit Card,32,0
1317.67,9,1,21,12.0,Footwear,Credit Card,80,0
3640.46,8,2,38,12.4,Clothing,Credit Card,81,0
1513.12,12,2,21,12.8,Clothing,UPI,29,1
715.56,34,9,10,4.5,Home,UPI,84,1
4922.83,33,7,10,21.9,Electronics,UPI,36,0
2174.49,48,11,59,6.3,Clothing,COD,47,1
2426.89,23,5,44,3.1,Home,Credit Card,88,0
2851.46,24,4,3,20.9,Clothing,COD,43,0
763.24,37,5,32,3.6,Footwear,COD,52,1
1799.35,35,4,17,10.2,Electronics,COD,53,1
3212.72,44,3,30,5.1,Home,Credit Card,68,0
1154.95,40,5,43,2.0,Electronics,UPI,5,1
2240.97,22,2,57,3.5,Books,COD,83,1
2645.1,27,10,27,19.3,Electronics,UPI,48,0
650.69,35,10,41,8.4,Books,Credit Card,24,1
877.68,1,0,59,5.5,Clothing,COD,1,0
365.28,35,7,21,6.6,Footwear,Credit Card,2,0
2119.03,37,5,39,3.1,Home,UPI,10,1
6764.74,47,11,2,4.1,Electronics,UPI,63,0
1113.73,14,2,6,14.3,Clothing,COD,59,0
1579.9,3,0,56,9.6,Books,COD,6,1
3675.07,1,0,19,8.0,Clothing,Debit Card,84,0
2177.89,5,1,42,7.1,Home,COD,83,1
914.54,26,7,6,1.7,Electronics,UPI,48,0
5262.78,14,6,6,7.5,Footwear,UPI,36,0
2075.85,39,5,28,14.3,Electronics,UPI,48,0
1536.79,27,3,59,5.0,Home,UPI,29,0
1628.46,9,3,25,7.6,Clothing,UPI,41,1
2734.24,15,6,40,0.8,Clothing,UPI,88,1
1176.89,15,6,2,18.2,Electronics,Credit Card,73,0
5432.39,26,10,42,22.1,Footwear,UPI,32,1
4363.56,42,9,16,22.0,Clothing,UPI,5,0
1818.81,13,4,39,1.9,Clothing,COD,85,1
1887.72,32,0,19,15.2,Footwear,UPI,17,0
1000.02,39,16,33,15.8,Electronics,UPI,24,0
1157.32,49,5,52,8.0,Books,UPI,82,1
816.66,32,2,51,6.1,Home,Debit Card,86,0
1567.36,4,1,32,15.1,Footwear,Credit Card,6,1
1888.69,30,4,15,8.7,Electronics,Credit Card,28,1
594.04,37,5,59,4.1,Footwear,UPI,20,0
2928.48,23,2,22,13.0,Electronics,Credit Card,80,1
982.78,39,9,3,17.8,Home,UPI,19,0
2412.14,45,3,55,14.3,Clothing,UPI,8,0
3181.4,15,2,40,15.0,Electronics,Credit Card,18,0
4513.99,43,4,39,3.1,Electronics,COD,37,1
3896.9,29,3,32,5.4,Books,UPI,61,1
5765.51,36,7,7,9.7,Home,Debit Card,45,0
3199.8,13,1,4,20.6,Clothing,UPI,38,0
2033.28,32,2,32,4.2,Books,UPI,2,0
1298.71,7,1,56,19.9,Electronics,UPI,55,0
1663.02,22,1,24,1.5,Home,COD,15,0
5656.85,28,2,6,18.2,Footwear,UPI,59,1
1574.21,2,0,46,17.1,Home,Credit Card,75,0
1801.54,42,2,6,27.9,Clothing,UPI,5,1
5081.47,45,12,58,15.7,Clothing,Credit Card,84,1
1535.6,6,1,32,10.3,Footwear,Credit Card,20,0
1036.53,28,4,40,6.1,Clothing,UPI,82,1
3996.72,28,10,32,5.6,Electronics,Debit Card,12,1
1013.07,44,3,28,7.8,Home,Debit Card,57,0
2398.68,44,3,43,5.8,Footwear,UPI,81,0
2122.14,20,4,38,13.0,Clothing,Credit Card,68,1
2255.25,30,4,56,15.4,Clothing,UPI,19,1
332.34,11,2,40,3.9,Clothing,Debit Card,87,1
3122.3,28,6,31,16.0,Home,Debit Card,27,1
1734.29,25,2,36,10.9,Home,UPI,53,0
2783.32,39,2,43,6.5,Home,Debit Card,42,0
2567.16,33,8,28,17.9,Home,UPI,45,1
2255.56,1,0,21,4.5,Home,UPI,78,0
1369.19,27,5,1,2.7,Clothing,Debit Card,68,0
1379.81,13,2,49,4.3,Electronics,UPI,68,0
1740.62,41,2,57,5.4,Home,UPI,24,1
2038.63,3,1,8,17.5,Electronics,UPI,87,1
1343.72,39,6,28,16.9,Books,Debit Card,36,0
3498.38,6,1,32,8.4,Books,UPI,75,0
1437.28,8,1,9,1.2,Footwear,UPI,5,0
910.6,27,7,59,4.7,Clothing,UPI,27,0
2742.61,9,0,27,26.1,Footwear,UPI,37,0
6746.74,37,3,45,14.8,Home,Debit Card,27,1
798.48,33,8,52,1.1,Home,Credit Card,76,1
1656.2,42,13,45,0.6,Electronics,Debit Card,47,1
3807.51,44,4,38,14.3,Home,Credit Card,64,1
2694.28,24,10,11,20.2,Footwear,UPI,6,0
2792.99,15,1,57,3.4,Electronics,Credit Card,76,1
1847.04,32,4,21,4.5,Clothing,Debit Card,56,0
300.0,32,8,53,16.5,Footwear,Credit Card,14,0
2165.7,24,5,5,6.5,Electronics,COD,22,0
2348.28,41,16,44,7.2,Electronics,COD,55,0
3976.22,49,8,39,7.0,Electronics,Debit Card,75,0
1068.83,49,11,22,9.1,Books,COD,52,1
5872.14,12,5,52,10.5,Electronics,Credit Card,56,1
1454.89,39,2,57,27.6,Clothing,UPI,77,0
1289.69,2,0,33,6.1,Clothing,Credit Card,6,1
1091.67,3,0,41,7.2,Home,UPI,20,0
3760.96,49,15,37,3.1,Home,UPI,54,0
839.5,37,5,15,9.0,Home,Credit Card,2,0
2813.96,49,13,9,17.4,Footwear,UPI,75,0
1027.32,17,5,46,4.5,Footwear,UPI,72,1
1753.01,49,5,20,3.9,Clothing,Credit Card,30,0
621.88,2,0,51,16.3,Footwear,UPI,54,0
3133.05,2,0,9,10.5,Electronics,UPI,4,0
1627.78,28,2,10,4.0,Footwear,Debit Card,71,0
2670.98,23,2,20,9.4,Electronics,UPI,47,1
1595.2,37,9,24,3.6,Books,Debit Card,88,0
2616.06,32,4,59,6.3,Footwear,COD,19,0
1750.62,33,6,60,6.8,Footwear,Debit Card,42,0
3036.46,1,0,33,16.1,Footwear,UPI,42,0
2627.14,19,2,53,12.5,Home,Debit Card,51,1
2074.28,2,0,30,16.8,Clothing,UPI,3,0
962.85,44,8,26,6.2,Clothing,Debit Card,82,1
1331.19,26,5,24,11.6,Clothing,Credit Card,37,1
1053.06,32,6,59,1.7,Electronics,Debit Card,22,1
4915.19,6,2,41,3.8,Electronics,Debit Card,33,1
3122.07,32,9,60,2.6,Electronics,Credit Card,49,0
1856.45,4,0,31,14.5,Books,Credit Card,87,0
1219.86,11,2,52,24.5,Home,UPI,54,1
1040.19,17,3,43,7.1,Clothing,Credit Card,62,0
1969.89,38,2,10,12.3,Electronics,Credit Card,35,0
6569.85,24,4,53,12.0,Clothing,Credit Card,29,1
1815.56,5,1,46,22.9,Clothing,Credit Card,66,0
4193.72,34,13,25,6.3,Home,UPI,50,0
2192.87,6,2,59,8.8,Clothing,UPI,14,1
2680.62,22,6,35,3.9,Books,Debit Card,48,0
1295.77,11,3,36,2.9,Electronics,Credit Card,44,1
1575.07,48,15,55,13.4,Clothing,UPI,72,0
1010.74,16,8,59,4.7,Books,UPI,1,1
2237.71,33,5,32,4.9,Electronics,Credit Card,28,1
1524.78,9,3,32,11.4,Clothing,Debit Card,3,1
2326.03,6,1,41,6.7,Clothing,UPI,71,1
907.19,16,2,35,13.6,Footwear,Credit Card,48,0
2487.44,29,0,12,13.8,Clothing,COD,32,1
2034.96,3,1,13,9.4,Books,UPI,9,0
1989.84,20,2,57,8.7,Books,UPI,57,0
2374.55,36,4,50,24.1,Home,COD,83,0
1531.0,19,5,36,7.5,Clothing,UPI,46,0
25970.13,26,11,42,14.2,Books,Credit Card,58,0
2509.68,3,1,57,3.6,Home,Credit Card,56,1
1946.09,19,5,39,8.5,Clothing,UPI,15,0
3039.3,20,5,0,14.3,Electronics,UPI,61,0
1255.29,32,13,4,4.1,Footwear,Credit Card,16,0
1226.53,7,2,29,7.8,Home,Debit Card,46,1
3166.11,41,4,52,8.3,Electronics,UPI,71,1
3369.1,33,13,17,4.3,Footwear,Debit Card,35,1
4163.98,40,11,44,4.9,Books,Credit Card,66,0
666.73,39,2,36,3.6,Clothing,UPI,57,1
1654.95,18,4,55,1.0,Clothing,Debit Card,34,1
2277.29,40,8,57,3.7,Books,UPI,31,0
2993.56,1,0,38,9.4,Electronics,Credit Card,12,1
2613.92,11,3,11,5.1,Books,Credit Card,65,0
996.5,28,13,33,7.9,Home,Credit Card,47,1
2592.38,25,12,44,8.7,Clothing,UPI,65,1
2263.95,23,15,13,7.0,Electronics,Debit Card,1,0
2259.64,31,12,37,14.1,Electronics,Debit Card,79,1
839.24,30,5,15,29.7,Clothing,Credit Card,67,0
939.99,42,3,41,3.8,Home,COD,14,1
6428.92,35,19,60,16.1,Clothing,COD,54,1
3605.73,7,1,58,4.3,Home,Credit Card,10,0
1730.08,16,3,10,10.8,Footwear,UPI,67,0
1750.89,26,2,32,2.6,Footwear,Debit Card,84,0
8569.65,48,24,14,10.2,Books,UPI,50,0
1866.34,49,14,47,6.0,Home,Credit Card,36,0
1666.11,2,1,41,5.9,Books,Credit Card,11,1
1037.55,1,0,9,9.4,Clothing,COD,3,0
1535.23,48,19,2,3.4,Home,COD,88,0
556.69,12,1,10,3.4,Footwear,Debit Card,39,0
2603.35,5,0,10,6.2,Books,Credit Card,10,0
4365.47,37,10,15,15.8,Footwear,Credit Card,90,0
4399.64,32,4,37,6.4,Clothing,UPI,51,1
1105.75,9,2,29,30.1,Clothing,Debit Card,32,1
362.75,41,12,40,35.9,Clothing,Debit Card,52,0
2292.72,35,5,0,7.8,Clothing,Debit Card,72,0
4550.96,19,2,59,23.6,Clothing,UPI,47,1
588.22,48,11,37,3.9,Books,UPI,13,0
1391.97,16,4,49,8.5,Electronics,Credit Card,67,1
2322.01,3,1,56,9.7,Clothing,UPI,53,1
1003.51,20,6,44,12.4,Books,UPI,53,0
539.31,24,7,33,2.2,Clothing,UPI,15,1
1074.27,33,9,59,9.2,Books,COD,53,1
1213.96,24,3,18,19.2,Clothing,Debit Card,85,0
482.84,11,4,59,0.9,Clothing,Credit Card,42,1
3827.94,49,4,33,4.1,Electronics,UPI,29,0
5365.48,8,1,58,19.5,Books,UPI,47,1
1845.84,36,4,35,5.0,Books,UPI,30,0
3012.85,38,4,3,9.0,Home,Credit Card,14,0
641.99,40,2,9,11.0,Electronics,Debit Card,79,0
1637.45,20,2,16,4.1,Books,UPI,59,0
1205.64,35,5,55,2.9,Books,UPI,64,0
2411.71,48,15,15,6.9,Clothing,UPI,44,0
300.0,25,5,20,17.0,Footwear,Debit Card,14,1
1461.4,35,3,27,9.3,Books,COD,25,0
2807.03,25,6,7,3.0,Clothing,Debit Card,44,1
2136.1,29,3,28,14.3,Electronics,Credit Card,61,0
3127.64,18,4,5,3.2,Books,UPI,2,1
1189.32,46,8,29,10.8,Clothing,Debit Card,81,0
300.0,18,3,1,7.2,Books,UPI,79,0
3901.9,2,0,54,5.7,Footwear,UPI,74,1
3076.05,35,13,57,6.7,Electronics,UPI,43,1
5421.51,16,3,46,7.4,Clothing,UPI,9,1
1904.51,41,4,30,7.9,Home,UPI,61,0
2419.62,36,5,24,9.7,Electronics,Debit Card,67,0
9232.39,33,8,22,15.8,Clothing,UPI,24,0
494.87,4,2,42,25.7,Electronics,Debit Card,65,0
2468.32,33,2,20,8.1,Footwear,COD,38,0
4240.42,14,2,15,14.6,Books,Credit Card,70,1
2098.14,21,4,3,8.9,Footwear,UPI,5,1
1893.94,48,3,42,6.3,Footwear,Credit Card,68,1
640.02,20,4,45,10.0,Clothing,Debit Card,67,1
5049.56,8,2,7,2.2,Footwear,UPI,30,0
3820.96,7,2,5,3.6,Footwear,Debit Card,87,0
4437.26,3,1,60,2.8,Home,Debit Card,62,1
1780.97,17,3,52,9.6,Books,COD,7,0
1444.46,33,16,54,1.2,Footwear,Debit Card,51,0
1799.58,48,5,26,2.5,Books,UPI,32,0
5940.37,12,4,50,1.6,Home,Credit Card,74,1
1506.86,22,5,56,8.3,Electronics,UPI,26,1
5101.86,22,1,35,5.6,Footwear,UPI,43,0
1631.14,46,5,59,6.7,Books,Debit Card,62,0
992.19,30,9,35,10.8,Books,COD,31,1
422.39,38,12,23,7.7,Clothing,COD,23,1
2702.39,38,4,5,6.1,Home,UPI,64,0
3095.44,45,5,42,1.2,Clothing,UPI,72,1
808.05,8,1,32,10.9,Electronics,Credit Card,55,0
5083.75,27,7,1,1.1,Books,UPI,16,0
687.48,27,4,40,9.3,Books,UPI,9,1
2968.78,34,13,15,46.9,Footwear,Debit Card,4,0
3072.47,21,3,37,12.2,Electronics,Debit Card,83,1
3832.28,30,15,54,4.7,Home,COD,39,1
455.07,33,6,58,15.4,Clothing,Credit Card,44,1
3815.44,28,6,8,28.5,Electronics,Credit Card,41,0
1633.71,47,9,50,17.1,Electronics,Debit Card,13,0
1424.74,33,5,4,21.0,Electronics,UPI,76,0
3221.19,5,1,52,3.8,Footwear,Debit Card,73,0
3542.12,48,19,9,5.7,Clothing,UPI,12,1
449.42,19,3,29,13.5,Electronics,Debit Card,24,0
733.0,4,1,6,7.5,Books,Debit Card,48,1
4185.78,35,3,28,3.6,Books,UPI,77,0
2521.21,49,14,1,12.3,Electronics,Debit Card,32,0
2053.35,17,3,19,13.5,Clothing,UPI,38,1
906.9,44,10,58,6.4,Footwear,Credit Card,78,1
2458.21,28,3,3,3.1,Electronics,Debit Card,66,0
4243.96,30,3,27,5.5,Electronics,Debit Card,54,0
9159.56,29,1,7,5.9,Clothing,COD,21,0
1411.02,46,8,57,8.9,Books,UPI,31,1
3340.78,6,1,34,2.6,Books,Credit Card,64,0
6623.75,35,3,1,7.1,Home,COD,52,0
655.84,41,13,40,5.2,Footwear,Credit Card,35,1
6370.22,37,8,27,12.4,Home,COD,16,1
2080.68,24,3,10,62.1,Clothing,Credit Card,40,0
1905.32,29,7,35,9.3,Footwear,Debit Card,90,0
1237.43,49,13,8,7.8,Footwear,COD,38,0
1401.47,46,6,37,10.7,Home,Debit Card,57,1
1073.3,31,2,0,13.7,Electronics,COD,3,0
927.86,35,6,26,0.4,Clothing,UPI,37,0
2476.83,33,5,2,7.7,Books,Credit Card,2,0
3939.78,21,6,38,14.9,Clothing,UPI,86,0
868.34,32,12,8,1.7,Clothing,UPI,3,0
1111.41,23,12,39,9.2,Clothing,Credit Card,47,1
2163.41,33,9,27,15.9,Clothing,COD,90,0
828.69,3,0,20,27.9,Electronics,Credit Card,27,0
2144.99,18,0,27,10.0,Clothing,COD,63,0
1497.0,25,6,44,12.4,Footwear,COD,38,1
574.46,42,2,23,11.5,Clothing,UPI,44,0
2515.28,31,6,17,2.2,Footwear,UPI,8,0
1220.83,3,1,50,35.1,Electronics,UPI,23,1
3705.35,40,3,55,10.6,Electronics,Credit Card,6,0
1576.8,46,8,8,6.8,Books,UPI,25,0
1098.92,24,6,25,19.4,Home,Debit Card,59,0
1766.45,32,7,23,4.4,Footwear,UPI,57,0
4312.96,47,10,51,11.7,Electronics,UPI,58,0
6563.48,22,1,60,6.3,Clothing,UPI,16,1
2738.46,23,7,5,4.2,Home,Credit Card,26,0
1197.12,2,0,58,8.3,Electronics,COD,79,0
1849.79,27,4,52,9.2,Home,COD,47,0
1687.68,42,9,11,7.5,Footwear,COD,40,0
1627.55,2,0,35,37.5,Home,UPI,19,0
1513.12,26,15,8,9.2,Footwear,Credit Card,78,0
919.84,17,4,9,6.1,Clothing,Credit Card,44,1
3579.34,40,12,2,9.0,Clothing,UPI,26,0
3302.87,33,12,48,13.6,Footwear,Credit Card,52,0
1837.6,9,1,28,11.2,Home,UPI,37,0
4363.91,43,3,6,23.5,Electronics,UPI,77,0
2734.59,48,8,25,10.0,Clothing,UPI,47,0
827.57,39,17,7,0.8,Clothing,COD,72,1
1410.81,29,3,42,9.3,Footwear,Debit Card,14,1
5096.25,42,5,12,9.3,Electronics,UPI,26,0
1404.65,26,6,34,16.4,Books,COD,47,0
1112.84,35,12,18,1.2,Footwear,COD,13,1
2997.96,25,5,45,12.0,Books,Debit Card,11,0
1486.01,24,2,21,14.8,Home,Debit Card,2,0
2677.26,13,3,15,9.4,Electronics,UPI,30,0
1762.91,7,1,14,14.0,Electronics,Credit Card,24,0
1035.19,36,2,1,3.7,Books,Credit Card,82,0
1113.01,45,6,37,15.5,Footwear,COD,23,1
555.56,20,6,20,3.1,Electronics,Debit Card,70,0
834.12,1,0,29,5.0,Books,UPI,75,0
2806.98,8,1,6,13.1,Clothing,Credit Card,7,0
4205.04,46,23,30,29.9,Clothing,Credit Card,47,1
1179.33,16,3,40,26.4,Footwear,Debit Card,10,0
690.57,14,1,40,10.6,Home,UPI,85,0
4009.76,12,2,48,1.8,Electronics,Debit Card,73,0
4093.68,23,5,54,5.1,Clothing,UPI,30,1
2999.11,15,2,34,6.5,Clothing,UPI,48,1
654.81,28,5,3,0.5,Home,Debit Card,25,1
2593.03,34,6,33,3.1,Home,UPI,89,1
2660.06,2,0,0,15.8,Clothing,Debit Card,24,1
3396.17,32,6,9,25.2,Footwear,UPI,12,1
2009.6,23,3,29,17.6,Clothing,COD,71,1
1069.43,22,4,31,5.4,Footwear,Debit Card,34,0
1362.15,25,3,2,13.5,Books,UPI,3,0
4121.35,22,5,9,8.1,Footwear,Debit Card,6,0
2358.26,22,3,8,3.0,Books,UPI,59,0
723.69,49,18,16,10.3,Home,Debit Card,27,1
5970.15,42,7,46,12.6,Electronics,UPI,83,0
4059.78,6,0,2,3.7,Home,UPI,72,0
5789.2,15,3,26,2.3,Electronics,COD,36,1
3999.88,43,6,52,5.5,Footwear,UPI,61,1
944.0,37,12,34,19.5,Footwear,Credit Card,82,1
2277.89,33,14,3,14.4,Books,UPI,71,0
2758.51,8,1,3,5.8,Clothing,Debit Card,65,0
705.56,44,19,48,3.9,Books,UPI,5,0
795.79,44,14,31,8.1,Books,UPI,42,0
3042.33,5,1,37,2.9,Electronics,UPI,14,1
3215.96,39,7,10,9.5,Books,UPI,65,0
9487.72,4,1,43,7.1,Clothing,COD,12,1
1506.78,6,2,54,0.4,Electronics,COD,83,1
556.65,45,5,59,6.1,Books,COD,2,1
1626.53,32,11,38,0.5,Clothing,UPI,14,0
3263.06,30,7,44,10.0,Footwear,UPI,67,0
1401.27,47,11,5,2.7,Footwear,Credit Card,77,0
1941.51,35,11,54,1.5,Clothing,COD,67,1
1153.47,40,3,34,6.7,Footwear,Credit Card,14,0
4167.9,16,4,52,6.2,Electronics,UPI,34,0
3044.92,13,2,45,10.2,Clothing,Debit Card,45,1
1018.36,42,14,31,2.8,Books,UPI,9,0
1254.7,30,7,45,21.1,Books,COD,10,1
1123.67,19,6,22,13.8,Clothing,COD,8,0
491.89,17,6,41,21.7,Electronics,COD,29,1
1060.62,19,4,36,6.9,Clothing,UPI,61,0
522.69,28,7,25,3.6,Books,Credit Card,54,0
3475.54,26,3,33,25.3,Electronics,Credit Card,39,1
3673.91,37,7,37,13.6,Electronics,UPI,33,0
1466.81,26,7,54,6.5,Books,Credit Card,23,0
2086.59,23,4,10,7.8,Clothing,Credit Card,72,1
3826.48,9,3,49,5.6,Electronics,UPI,40,1
3129.56,12,2,57,16.2,Electronics,UPI,23,1
7356.13,1,0,55,10.8,Books,UPI,59,1
2168.06,1,0,20,11.9,Clothing,COD,50,1
4998.26,47,4,42,3.3,Electronics,Debit Card,64,0
1932.53,34,10,23,7.3,Books,Debit Card,56,1
1662.95,32,4,14,9.3,Home,UPI,43,0
2907.59,48,6,2,1.7,Electronics,Credit Card,84,0
2661.13,25,4,1,10.7,Footwear,UPI,58,1
1181.4,40,1,6,8.7,Clothing,Debit Card,12,0
1015.54,45,17,4,15.2,Footwear,Credit Card,36,0
1905.2,1,0,52,17.1,Clothing,COD,73,1
481.52,16,2,44,29.2,Clothing,UPI,6,1
1457.87,39,2,39,9.1,Footwear,UPI,32,0
909.02,5,0,28,6.1,Footwear,COD,65,1
1207.8,22,3,40,2.8,Clothing,COD,60,1
1048.26,29,8,31,2.3,Electronics,Credit Card,54,1
3094.98,3,1,29,7.7,Books,UPI,24,0
2471.74,12,1,7,2.1,Electronics,Credit Card,29,0
1876.32,26,2,31,2.5,Footwear,Credit Card,8,0
1382.48,16,2,41,8.0,Electronics,Debit Card,13,0
3730.47,37,9,1,5.7,Footwear,Debit Card,63,1
3396.34,22,2,9,3.5,Electronics,UPI,25,0
1672.71,29,6,42,6.1,Clothing,Debit Card,29,0
4667.24,14,4,54,14.1,Footwear,UPI,59,0
1583.38,28,2,42,10.9,Clothing,UPI,61,1
2086.6,5,0,36,16.6,Footwear,UPI,88,0
1209.6,47,11,45,6.9,Electronics,UPI,26,1
1373.0,49,17,54,5.6,Clothing,Debit Card,84,1
1165.71,30,9,2,8.9,Home,Credit Card,68,0
2925.77,46,1,51,2.6,Electronics,Credit Card,22,0
2352.78,5,3,22,6.5,Electronics,Credit Card,7,1
865.31,12,3,33,6.0,Clothing,COD,57,0
2687.9,16,2,17,41.4,Electronics,COD,62,1
6342.74,26,6,32,18.9,Electronics,Debit Card,18,0
1139.05,26,3,32,12.9,Clothing,UPI,10,1
1094.35,48,14,59,11.1,Electronics,UPI,31,1
1818.28,21,3,16,23.8,Books,Credit Card,26,1
4744.61,39,1,5,11.1,Electronics,Credit Card,55,0
1330.33,36,8,12,4.1,Books,UPI,90,0
6563.61,33,8,20,3.8,Home,UPI,25,0
862.69,30,7,30,14.4,Electronics,Credit Card,52,0
2062.42,37,3,57,12.6,Electronics,Debit Card,18,0
549.56,23,7,55,11.0,Electronics,Credit Card,24,0
938.89,10,3,20,17.1,Footwear,Debit Card,15,1
1557.16,5,1,32,16.5,Footwear,Credit Card,8,0
2184.49,36,6,27,1.3,Footwear,UPI,43,0
4309.22,34,13,55,7.1,Footwear,Credit Card,89,1
1108.17,31,6,5,11.9,Electronics,COD,24,0
2427.1,10,3,7,20.2,Home,UPI,85,0
708.13,19,4,12,13.2,Clothing,Credit Card,65,0
3666.15,32,12,33,14.5,Books,UPI,26,1
4524.52,1,0,57,3.0,Clothing,UPI,74,1
3737.86,5,2,39,1.9,Clothing,Credit Card,26,0
3734.04,45,9,21,10.7,Books,Credit Card,66,0
1696.01,4,1,0,5.5,Footwear,Credit Card,40,0
2194.48,16,4,12,12.1,Home,UPI,14,1
1689.38,24,1,0,4.6,Clothing,Credit Card,33,0
1751.35,16,5,9,5.4,Books,UPI,57,0
1074.31,2,0,59,14.3,Books,UPI,39,0
2202.1,49,6,4,8.3,Clothing,UPI,1,1
2422.27,28,2,54,4.4,Clothing,COD,37,1
3603.67,32,1,19,7.4,Footwear,UPI,18,1
2379.11,27,12,12,12.9,Books,UPI,30,0
3350.13,20,5,57,7.8,Footwear,UPI,27,1
1073.85,24,3,36,11.8,Books,Credit Card,60,0
4897.14,12,2,9,6.6,Clothing,Debit Card,49,1
1527.1,35,10,2,19.0,Books,Debit Card,30,0
430.9,33,7,33,7.3,Electronics,Debit Card,45,0
1376.58,33,5,33,5.2,Clothing,UPI,21,1
2707.22,43,3,29,22.4,Clothing,COD,54,0
1915.13,37,7,36,8.4,Footwear,Credit Card,16,0
464.33,12,6,3,11.7,Clothing,UPI,81,1
2101.93,3,1,33,5.1,Books,Debit Card,18,1
1975.77,1,0,31,11.4,Books,Credit Card,34,0
915.98,33,4,20,12.8,Home,UPI,21,0
2684.26,40,10,57,4.1,Electronics,COD,76,1
1646.36,10,1,40,15.1,Electronics,Credit Card,31,0
461.39,43,5,23,7.6,Clothing,Credit Card,10,0
2941.14,44,17,8,15.1,Home,UPI,4,1
2043.4,29,2,40,4.5,Electronics,UPI,15,1
5216.03,13,6,23,5.4,Footwear,COD,53,1
986.87,12,3,24,9.4,Footwear,Debit Card,59,1
1535.9,31,10,35,3.8,Home,Credit Card,55,1
3813.09,46,11,7,9.6,Clothing,Credit Card,62,0
952.48,2,0,49,10.8,Footwear,Debit Card,42,0
3720.17,35,7,40,9.4,Electronics,Credit Card,28,0
3788.71,23,2,28,8.9,Clothing,UPI,7,0
2252.16,17,3,24,3.2,Books,Debit Card,11,0
1610.68,26,5,58,2.2,Clothing,Credit Card,29,1
1149.29,8,1,34,8.0,Books,COD,34,1
1091.43,29,14,37,1.5,Electronics,Debit Card,25,1
2247.52,26,9,27,1.2,Clothing,UPI,56,1
300.0,10,1,54,5.3,Clothing,UPI,40,0
1224.22,26,4,18,3.8,Books,Credit Card,87,0
1111.57,34,5,31,11.0,Books,Debit Card,63,0
905.39,41,7,36,8.0,Clothing,UPI,50,1
2059.04,7,1,48,10.7,Clothing,Credit Card,11,0
646.22,4,1,58,15.0,Home,Debit Card,60,1
4196.52,45,7,50,19.2,Books,UPI,64,1
3427.23,11,3,27,13.8,Footwear,Debit Card,4,1
4682.95,29,13,55,9.2,Books,UPI,31,1
1250.05,36,17,34,3.5,Electronics,UPI,74,1
2091.13,25,5,7,18.1,Footwear,UPI,54,0
3217.05,21,8,40,2.9,Home,Credit Card,80,1
1649.84,36,20,53,15.2,Electronics,COD,56,1
1216.07,10,1,22,20.6,Home,Debit Card,44,1
1966.04,37,2,53,11.2,Books,UPI,81,0
1566.32,9,1,39,3.6,Books,UPI,5,1
854.51,24,1,45,5.7,Clothing,Credit Card,67,0
341.63,35,15,22,9.8,Clothing,UPI,80,1
947.2,49,15,31,4.4,Clothing,Debit Card,68,0
346.63,35,13,9,9.1,Electronics,UPI,9,1
983.39,48,13,16,11.1,Books,UPI,4,0
4882.16,36,2,34,11.9,Electronics,UPI,85,1
495.73,18,3,34,5.6,Home,Debit Card,74,0
2475.58,49,21,2,8.3,Clothing,UPI,81,0
4255.14,39,10,35,9.5,Footwear,UPI,16,0
601.32,32,7,28,1.8,Electronics,Credit Card,70,1
6348.86,24,2,48,5.4,Clothing,Credit Card,15,1
1713.8,23,1,45,8.8,Clothing,COD,52,1
4678.38,32,7,26,11.0,Footwear,UPI,31,0
2185.48,37,13,30,21.9,Home,UPI,80,1
1309.69,12,5,33,10.3,Electronics,Credit Card,44,1
300.0,49,10,11,2.8,Electronics,UPI,36,0
828.52,13,6,36,4.1,Home,Credit Card,2,1
2909.76,23,2,58,15.8,Home,UPI,28,0
5303.37,25,9,53,27.3,Clothing,COD,40,1
676.37,35,2,24,3.4,Clothing,UPI,63,1
1734.08,41,3,1,5.3,Electronics,Debit Card,63,1
1323.2,30,7,29,28.1,Electronics,COD,17,0
2422.3,17,2,43,23.7,Electronics,COD,38,0
1923.42,49,6,8,12.6,Footwear,Credit Card,36,0
1393.85,20,4,22,5.4,Books,COD,32,1
2828.14,48,13,8,3.3,Electronics,Debit Card,54,1
1114.24,25,7,19,5.0,Home,UPI,59,0
1822.32,22,1,54,6.2,Footwear,COD,25,1
3099.74,13,4,0,6.4,Books,Credit Card,77,0
1087.4,19,8,55,1.8,Home,UPI,14,1
1406.32,49,19,38,3.9,Books,Debit Card,44,1
1223.4,36,4,22,8.9,Footwear,Credit Card,25,1
2481.25,12,3,17,5.2,Home,COD,35,0
2309.28,41,14,41,2.7,Clothing,Debit Card,79,1
1258.03,19,2,31,3.5,Clothing,UPI,79,0
2295.28,12,5,46,7.0,Books,UPI,47,1
300.0,9,1,8,2.2,Home,Debit Card,47,0
3244.42,7,1,10,19.7,Electronics,Credit Card,17,1
3384.6,28,2,55,2.3,Books,UPI,89,1
1268.43,14,4,0,13.4,Clothing,UPI,23,1
1103.54,31,2,10,27.0,Clothing,UPI,87,1
1736.69,19,3,32,2.6,Footwear,Credit Card,17,0
956.18,47,29,29,3.1,Footwear,UPI,29,1
1066.08,16,2,4,7.1,Footwear,UPI,2,0
2242.84,5,2,49,5.7,Clothing,Credit Card,11,1
3185.43,35,10,0,16.2,Books,UPI,16,1
2258.62,12,2,9,6.7,Books,UPI,51,0
13635.48,25,3,59,3.8,Electronics,COD,81,1
4332.98,21,4,12,14.0,Clothing,Debit Card,21,1
3025.29,36,1,26,6.2,Electronics,UPI,21,0
2949.62,23,2,7,3.7,Books,COD,6,1
1921.25,16,2,27,4.3,Books,UPI,46,1
2574.11,39,14,44,2.5,Footwear,Credit Card,23,0
2076.25,45,13,51,0.9,Home,UPI,58,1
3772.85,42,14,1,2.7,Home,Debit Card,57,0
1487.13,39,2,52,6.9,Clothing,UPI,61,1
1432.53,14,2,11,6.1,Clothing,UPI,39,0
4124.28,31,11,26,2.0,Clothing,Credit Card,45,1
1310.29,5,1,60,3.9,Clothing,Debit Card,29,0
933.14,35,15,12,12.6,Footwear,Credit Card,31,0
1070.96,23,1,59,11.9,Electronics,Debit Card,89,0
3053.46,29,3,21,8.5,Electronics,Credit Card,2,0
11734.87,43,14,39,3.0,Electronics,Debit Card,86,1
971.28,11,1,14,16.1,Footwear,Credit Card,37,0
2840.13,18,3,30,7.1,Books,UPI,44,0
2013.53,47,11,6,4.3,Books,COD,79,1
3982.77,12,4,38,3.1,Home,Debit Card,70,1
2822.75,9,1,48,13.5,Home,COD,63,1
4159.43,10,1,50,0.3,Clothing,Credit Card,75,0
2218.3,44,18,34,10.0,Clothing,Debit Card,53,0
1007.93,17,7,6,5.4,Clothing,COD,76,1
1123.26,38,8,11,17.6,Electronics,UPI,88,0
2097.26,7,2,13,33.2,Footwear,COD,3,1
2507.29,46,8,33,4.3,Electronics,UPI,19,0
1381.68,13,1,57,16.2,Home,UPI,45,1
7409.67,40,11,38,10.4,Electronics,UPI,61,1
3494.18,42,6,47,9.6,Clothing,Credit Card,55,1
420.42,9,2,8,2.0,Books,UPI,71,0
1659.0,27,3,32,5.1,Electronics,UPI,76,1
879.36,2,1,11,15.8,Clothing,Credit Card,29,0
6866.42,5,1,33,19.1,Electronics,Credit Card,48,1
382.4,29,15,26,23.4,Electronics,Debit Card,72,0
2423.87,37,7,21,5.1,Footwear,UPI,63,1
1971.06,38,10,17,11.7,Footwear,UPI,21,0
3196.25,19,5,45,5.3,Electronics,UPI,57,1
2266.37,8,1,43,9.0,Books,Credit Card,13,1
7696.55,48,11,17,11.5,Home,UPI,27,0
3437.68,45,8,36,5.5,Clothing,UPI,68,0
499.36,1,0,6,12.2,Clothing,Credit Card,88,0
4831.69,22,3,3,6.8,Home,Debit Card,64,0
2084.34,17,4,44,7.7,Home,UPI,9,1
4837.43,7,0,15,2.1,Electronics,Credit Card,74,0
1448.15,25,9,21,4.9,Clothing,UPI,75,1
859.52,45,15,59,4.9,Clothing,UPI,7,0
752.98,4,1,47,35.1,Clothing,UPI,11,1
3800.84,36,11,50,4.0,Clothing,Credit Card,28,1
3159.04,6,0,35,7.6,Books,Credit Card,72,0
1194.68,31,9,19,4.1,Home,COD,27,1
300.0,19,4,30,6.9,Home,COD,22,0
3904.06,44,13,51,8.9,Clothing,Credit Card,42,1
434.3,39,1,59,3.4,Electronics,UPI,32,0
8281.16,27,2,32,15.0,Electronics,Debit Card,14,1
657.35,10,1,12,3.6,Footwear,Debit Card,26,0
1825.95,26,9,51,1.8,Clothing,Debit Card,55,1
2123.91,19,9,19,8.3,Electronics,UPI,75,1
2334.13,39,9,53,27.7,Electronics,Debit Card,71,0
2268.78,3,0,40,1.2,Books,COD,55,0
1980.9,45,4,41,2.4,Footwear,Credit Card,45,0
1334.28,13,1,37,14.2,Electronics,Debit Card,30,0
1546.25,28,3,21,4.0,Home,Debit Card,66,0
1145.65,20,3,38,9.3,Home,Credit Card,26,0
1960.81,28,3,22,16.8,Clothing,Debit Card,89,1
529.68,8,1,47,13.5,Electronics,Debit Card,1,0
2254.81,41,5,48,8.8,Home,COD,24,0
1687.38,39,1,55,8.9,Clothing,COD,55,0
3258.44,1,0,32,8.8,Home,Credit Card,65,0
1461.82,3,1,40,10.0,Electronics,UPI,25,1
2756.07,13,2,29,19.8,Clothing,UPI,42,0
2660.89,28,7,13,2.9,Electronics,COD,44,1
1640.33,49,3,46,2.5,Footwear,UPI,69,0
2314.66,25,10,35,12.2,Books,UPI,12,0
706.37,33,10,56,4.5,Clothing,Credit Card,8,0
4624.37,38,7,7,22.7,Electronics,UPI,63,0
1234.13,6,1,56,9.6,Clothing,Credit Card,78,1
1595.88,44,14,46,24.5,Books,Debit Card,20,1
865.25,45,3,21,13.3,Home,UPI,40,0
1056.01,32,7,56,6.4,Clothing,Debit Card,73,0
5712.87,45,3,3,8.1,Books,Debit Card,5,1
1991.26,47,17,50,16.0,Footwear,Credit Card,1,0
1468.87,21,1,34,1.9,Electronics,UPI,11,0
1463.16,16,3,7,16.7,Footwear,COD,4,1
1810.55,21,2,33,7.7,Clothing,Credit Card,38,0
2998.06,11,3,59,6.8,Home,UPI,17,1
2070.79,37,5,21,32.3,Clothing,Credit Card,68,0
2101.98,36,7,24,19.9,Books,COD,32,1
947.45,35,8,24,3.9,Home,Credit Card,5,0
1471.95,19,4,39,10.2,Footwear,Debit Card,22,0
2017.4,20,3,39,3.4,Clothing,Credit Card,78,0
1768.99,18,5,16,11.6,Books,UPI,85,1
1351.39,47,12,15,28.4,Footwear,UPI,82,1
1267.43,41,7,47,22.5,Books,UPI,67,0
2452.58,49,9,47,11.2,Clothing,UPI,11,1
2495.23,14,1,58,10.3,Books,Credit Card,25,0
3614.07,15,3,38,7.2,Home,UPI,42,0
2073.61,31,4,14,29.8,Books,COD,35,1
422.69,1,0,16,14.9,Clothing,COD,79,0
9422.01,3,0,56,5.7,Clothing,Credit Card,59,1
1796.94,16,2,34,8.9,Electronics,Credit Card,48,0
1356.94,23,9,32,9.2,Electronics,UPI,85,0
1735.91,11,1,39,4.1,Clothing,Credit Card,3,1
1370.23,12,4,38,9.3,Books,Credit Card,24,1
1019.34,10,1,17,12.2,Footwear,UPI,69,0
2779.95,32,14,29,3.5,Clothing,UPI,33,1
1629.48,16,1,22,17.2,Books,Credit Card,88,0
1698.32,8,1,36,4.7,Home,Credit Card,70,1
313.57,38,17,46,5.8,Books,Debit Card,47,0
1542.96,12,7,6,4.6,Books,COD,53,1
850.97,24,5,9,3.9,Home,Debit Card,45,0
1254.25,28,8,15,19.3,Clothing,UPI,71,0
2133.24,8,2,27,21.6,Books,Debit Card,83,1
1176.79,28,3,22,5.1,Clothing,Credit Card,57,1
1296.11,36,7,33,17.8,Footwear,Debit Card,85,0
1934.5,26,6,17,2.1,Home,COD,70,0
1268.31,8,0,46,6.5,Electronics,UPI,40,0
863.75,28,7,22,2.7,Footwear,UPI,3,1
541.83,28,2,50,31.4,Clothing,Credit Card,49,0
2288.39,37,3,19,19.7,Clothing,UPI,14,0
1259.47,41,4,30,1.6,Electronics,Debit Card,20,0
563.48,36,12,13,4.1,Books,Debit Card,78,0
4324.12,27,4,22,6.7,Electronics,UPI,66,0
2290.71,17,5,1,7.8,Books,Credit Card,25,0
787.16,9,3,28,2.5,Footwear,Credit Card,4,1
1104.07,33,13,49,14.0,Footwear,UPI,41,1
3761.18,20,2,8,17.8,Home,Debit Card,63,1
1599.11,13,2,58,10.6,Footwear,Credit Card,48,1
1349.03,28,3,32,10.1,Clothing,Credit Card,55,0
3057.87,48,3,47,4.6,Electronics,Debit Card,2,1
1607.65,29,12,43,6.4,Footwear,Debit Card,23,0
4275.98,13,3,11,9.7,Footwear,UPI,48,0
1354.39,46,4,18,10.5,Clothing,Debit Card,85,1
1212.87,35,3,41,8.3,Footwear,Credit Card,15,0
1829.16,6,1,19,16.7,Clothing,Debit Card,51,0
3552.03,18,7,36,12.1,Home,UPI,24,1
2153.09,5,2,30,18.0,Footwear,UPI,20,1
1943.96,47,21,34,9.0,Books,Debit Card,56,0
1027.44,25,9,40,9.0,Footwear,UPI,38,1
927.02,2,0,20,15.6,Books,Credit Card,25,0
3554.76,10,4,54,3.5,Footwear,Credit Card,86,0
3826.06,30,8,46,43.8,Footwear,Credit Card,52,1
3740.66,45,17,45,4.6,Clothing,UPI,51,1
3145.52,5,2,42,4.2,Clothing,UPI,47,1
2471.45,33,3,12,17.3,Books,UPI,68,0
2445.11,1,0,38,12.7,Clothing,Credit Card,80,1
1985.28,18,10,26,14.1,Electronics,COD,64,1
2679.67,32,3,24,9.2,Home,UPI,43,0
1756.04,47,5,1,3.7,Footwear,Debit Card,71,1
2674.43,49,13,34,25.1,Clothing,UPI,88,1
3436.79,11,1,51,16.8,Clothing,COD,57,1
749.62,21,7,7,5.2,Footwear,Credit Card,39,1
3894.89,26,3,32,15.7,Footwear,UPI,29,0
1736.34,25,9,24,5.5,Home,Debit Card,26,0
5017.77,22,6,20,6.2,Clothing,Credit Card,14,1
4399.85,27,5,35,6.6,Footwear,UPI,64,0
878.73,49,19,12,4.8,Home,UPI,47,1
1808.85,13,2,55,9.1,Home,UPI,20,0
489.76,33,13,45,16.9,Clothing,Debit Card,7,1
1379.87,34,7,8,11.8,Clothing,COD,82,1
2319.29,41,7,34,14.0,Footwear,UPI,74,0
3271.06,35,4,45,10.3,Books,Credit Card,67,0
1897.83,1,0,35,1.1,Home,UPI,53,1
2464.96,21,4,48,35.9,Footwear,UPI,65,0
1105.77,48,18,46,18.9,Books,Credit Card,30,0
1784.13,6,1,43,10.7,Clothing,Debit Card,66,1
1196.18,28,3,45,3.3,Home,UPI,15,1
2203.47,17,2,50,13.7,Home,Debit Card,75,0
4782.93,5,1,9,8.5,Books,UPI,70,0
1737.4,31,6,4,9.9,Books,Debit Card,70,0
692.45,5,1,30,16.6,Clothing,Credit Card,57,1
2074.33,38,17,60,11.4,Electronics,UPI,25,0
2962.55,3,0,23,21.5,Clothing,Debit Card,23,0
950.87,23,5,31,6.0,Books,UPI,12,0
4312.57,37,11,48,2.0,Home,UPI,48,0
1191.02,37,9,48,8.3,Clothing,UPI,10,0
1061.92,10,1,2,6.1,Electronics,UPI,17,0
519.86,10,3,15,12.4,Footwear,UPI,52,0
2182.35,19,5,56,4.2,Clothing,Credit Card,2,1
6445.86,17,2,40,6.0,Electronics,UPI,60,0
2337.24,21,7,48,12.7,Home,UPI,57,0
1081.46,14,1,19,7.1,Clothing,COD,81,1
2589.58,9,0,43,17.5,Footwear,Debit Card,73,0
3166.07,46,10,23,4.3,Electronics,UPI,47,0
4074.35,1,0,33,3.1,Books,Debit Card,71,0
761.67,45,7,51,13.8,Home,Debit Card,13,0
5362.27,13,4,47,2.6,Clothing,UPI,74,0
2099.41,4,1,22,1.4,Footwear,UPI,22,0
6168.66,1,0,54,3.0,Electronics,COD,28,1
2016.08,49,1,52,18.4,Books,Debit Card,55,0
2707.37,40,14,54,5.3,Home,Debit Card,50,1
930.72,32,7,37,6.3,Home,Credit Card,78,1
3602.52,34,8,1,14.5,Electronics,Debit Card,19,0
850.79,28,0,40,16.6,Electronics,Credit Card,1,0
2182.32,31,14,4,14.8,Footwear,Debit Card,68,0
1337.59,8,1,17,13.8,Electronics,Debit Card,56,1
1699.9,39,2,53,5.0,Home,UPI,88,0
3864.77,26,12,57,9.3,Clothing,Credit Card,14,0
1410.2,34,4,52,2.6,Clothing,Credit Card,64,0
3920.49,3,1,49,6.6,Electronics,UPI,87,0
1359.84,12,3,28,1.7,Books,Credit Card,69,0
1981.55,1,0,9,17.5,Books,COD,84,0
8142.66,44,6,41,6.3,Electronics,COD,22,0
1968.85,5,2,54,9.1,Clothing,Debit Card,44,0
1714.53,30,4,41,5.6,Clothing,UPI,49,0
1994.13,30,2,60,19.0,Clothing,UPI,36,1
1434.86,17,2,49,2.4,Books,UPI,69,0
897.0,48,13,15,3.3,Home,Debit Card,88,0
7641.92,47,9,22,8.9,Books,Debit Card,34,0
1360.45,23,4,29,9.3,Books,COD,37,1
622.83,15,3,5,17.6,Home,COD,89,0
1621.68,37,15,43,10.4,Footwear,UPI,51,1
2321.13,21,2,59,9.2,Books,UPI,37,0
1563.28,14,4,35,4.6,Footwear,COD,25,0
1747.39,2,1,19,19.1,Electronics,Debit Card,86,0
1612.06,11,3,15,7.4,Footwear,Credit Card,5,0
2435.42,39,4,27,4.8,Footwear,Credit Card,8,1
3207.62,38,9,53,4.3,Books,Credit Card,53,0
1580.15,34,14,56,9.1,Footwear,Credit Card,27,1
11078.4,38,5,25,2.3,Electronics,UPI,61,0
3746.68,34,6,21,2.4,Clothing,Credit Card,65,1
1801.15,18,4,53,2.4,Books,Credit Card,84,0
718.45,30,5,10,26.3,Books,UPI,71,1
1958.61,15,1,0,22.2,Home,COD,45,1
3196.21,27,1,4,4.0,Electronics,UPI,3,1
3213.4,34,6,48,10.6,Electronics,Credit Card,61,0
494.3,38,11,42,14.1,Clothing,Credit Card,50,1
1960.1,33,1,45,11.6,Books,Credit Card,48,0
1291.54,24,6,40,3.0,Books,UPI,73,0
5156.62,15,2,41,4.5,Books,Credit Card,47,0
1971.55,30,7,35,10.4,Footwear,UPI,14,1
365.42,42,11,1,2.4,Books,UPI,19,0
2339.82,17,2,56,18.2,Clothing,UPI,62,1
461.78,5,1,5,2.9,Electronics,UPI,6,0
2477.69,29,7,26,9.6,Books,COD,7,0
11059.43,4,1,60,15.6,Clothing,Debit Card,90,1
4685.57,10,3,25,16.9,Home,UPI,13,1
2167.17,17,4,34,17.1,Footwear,COD,46,1
1139.54,10,3,12,4.7,Electronics,UPI,33,0
4411.26,17,2,11,5.1,Electronics,UPI,41,0
2821.78,20,1,17,11.1,Clothing,UPI,73,0
1499.99,24,12,37,13.8,Home,Debit Card,79,1
1240.0,5,0,41,13.3,Electronics,Credit Card,69,0
958.42,34,4,5,14.4,Clothing,UPI,29,0
2350.25,6,1,27,12.2,Footwear,UPI,7,0
1350.55,2,0,27,10.6,Electronics,Credit Card,54,0
2033.46,13,1,24,5.0,Electronics,Debit Card,11,0
3461.43,43,16,4,10.9,Clothing,Debit Card,42,1
1327.17,43,19,58,24.4,Clothing,Credit Card,83,1
2840.03,48,10,14,6.8,Footwear,Debit Card,5,0
4254.07,11,3,46,6.3,Books,Debit Card,87,0
2384.22,47,5,43,13.0,Electronics,Credit Card,47,0
2950.4,23,11,8,2.9,Books,UPI,2,0
2396.7,16,3,44,9.5,Clothing,UPI,43,1
1828.74,31,7,47,17.7,Footwear,Credit Card,4,1
3248.66,11,2,52,9.6,Books,Debit Card,81,0
5577.24,16,5,1,9.6,Footwear,UPI,63,0
3289.51,8,2,48,1.0,Electronics,Credit Card,59,1
1578.87,4,2,8,6.9,Electronics,UPI,30,0
1608.05,40,9,25,3.7,Home,UPI,2,1
1650.71,4,1,22,2.7,Clothing,UPI,88,1
3509.4,25,7,50,7.9,Footwear,UPI,74,0
1250.92,3,1,27,13.7,Clothing,Credit Card,43,0
882.66,32,5,5,7.4,Clothing,UPI,18,0
2510.52,3,0,57,15.9,Home,Credit Card,24,0
1835.64,27,7,3,13.6,Home,UPI,37,0
5099.62,29,6,29,5.3,Footwear,Credit Card,30,0
372.54,32,17,56,5.9,Clothing,UPI,69,1
2091.55,19,4,46,1.4,Clothing,UPI,59,1
1362.93,21,5,17,30.1,Footwear,Credit Card,23,0
3188.15,5,2,29,3.9,Home,Debit Card,30,1
1486.24,18,5,26,9.8,Footwear,Debit Card,68,0
1208.05,28,3,43,7.7,Books,UPI,41,1
3481.14,42,9,30,23.6,Electronics,Credit Card,51,0
4426.17,22,6,43,10.8,Books,UPI,88,1
1688.55,21,12,51,8.5,Footwear,Debit Card,67,0
1711.37,6,3,48,20.0,Home,UPI,15,1
4400.21,1,0,38,9.8,Clothing,Debit Card,56,0
4069.15,5,2,29,4.3,Footwear,Credit Card,65,0
3721.93,41,7,51,12.5,Home,Debit Card,74,1
1363.88,12,0,36,2.6,Home,COD,90,0
1140.33,26,3,11,3.8,Clothing,COD,55,0
5685.36,46,2,16,6.1,Clothing,Credit Card,76,0
2770.54,34,11,33,3.1,Footwear,COD,65,1
1075.96,49,9,27,6.7,Books,UPI,2,0
1678.32,14,4,3,0.6,Clothing,UPI,11,1
1918.85,26,12,33,9.6,Clothing,Credit Card,76,1
1679.16,45,12,45,12.0,Books,COD,42,1
1473.53,27,6,13,5.4,Footwear,Debit Card,3,0
4278.77,9,1,12,1.8,Clothing,UPI,41,0
2617.26,26,1,48,8.3,Electronics,Debit Card,49,0
8754.46,47,7,57,13.5,Home,UPI,83,1
4446.04,22,4,48,2.4,Clothing,Credit Card,82,1
1989.06,47,9,53,43.6,Electronics,UPI,37,0
4875.49,30,7,49,9.9,Footwear,UPI,7,0
2314.57,43,15,2,14.0,Clothing,UPI,38,0
9826.17,48,6,20,36.9,Clothing,Debit Card,58,1
1450.32,17,7,15,11.4,Clothing,Credit Card,5,0
2482.77,26,11,50,4.2,Home,UPI,61,1
1187.38,36,12,37,5.0,Clothing,Credit Card,83,1
1384.72,1,0,54,17.1,Electronics,Debit Card,77,0
1423.71,8,1,25,15.2,Clothing,COD,39,1
4295.68,49,8,5,17.3,Electronics,COD,28,1
2091.47,35,6,17,13.0,Footwear,UPI,57,0
323.35,15,2,40,11.7,Books,UPI,2,0
1930.55,47,13,49,14.3,Footwear,UPI,70,1
914.41,22,3,5,11.2,Clothing,Credit Card,79,1
1328.14,14,3,40,3.4,Electronics,Credit Card,28,0
4045.81,26,3,56,5.0,Clothing,UPI,37,0
705.97,28,3,49,15.7,Clothing,COD,89,1
765.32,23,2,24,37.3,Clothing,Debit Card,55,1
565.48,14,4,47,17.8,Electronics,Credit Card,88,0
1378.57,24,9,23,25.0,Books,Credit Card,82,0
554.06,2,1,29,2.2,Books,Credit Card,1,1
587.57,45,7,22,18.6,Footwear,Credit Card,3,1
1539.39,26,10,44,14.8,Electronics,COD,71,1
2252.05,14,1,42,10.7,Home,UPI,85,0
955.48,7,2,7,5.8,Electronics,Debit Card,14,0
2328.02,3,0,57,12.0,Electronics,UPI,48,0
1953.68,47,2,55,16.3,Clothing,Credit Card,37,0
2638.87,23,2,48,8.9,Clothing,Credit Card,3,0
872.65,46,2,8,4.8,Clothing,UPI,49,0
7250.08,43,6,5,22.5,Electronics,UPI,56,1
814.4,47,21,32,7.0,Electronics,UPI,89,1
1167.03,45,5,32,11.0,Books,UPI,60,0
2592.77,18,4,44,1.2,Clothing,Credit Card,13,0
1963.46,38,1,6,4.4,Clothing,COD,53,1
3270.97,35,3,41,18.9,Clothing,UPI,50,0
1455.44,15,1,17,17.9,Electronics,UPI,19,1
766.04,25,3,5,12.0,Footwear,Credit Card,26,0
621.7,37,5,44,1.4,Clothing,UPI,53,0
6283.79,28,8,36,5.0,Footwear,UPI,57,1
1462.5,10,4,20,29.5,Footwear,Credit Card,38,0
1608.12,39,5,25,9.1,Home,COD,9,0
6380.32,17,1,14,15.9,Clothing,COD,46,0
1281.18,39,13,43,4.8,Clothing,UPI,86,0
1838.99,22,2,53,8.8,Books,UPI,4,0
877.62,26,9,29,4.9,Home,Credit Card,71,1
721.54,44,9,10,6.5,Books,UPI,82,0
6787.54,25,2,7,4.2,Books,Debit Card,50,0
6853.7,17,7,4,7.4,Footwear,Credit Card,70,0
3694.99,13,6,7,7.7,Clothing,UPI,5,1
3609.26,20,2,4,14.6,Home,UPI,70,0
3065.78,25,4,9,1.7,Footwear,COD,34,1
1077.6,4,1,14,2.8,Footwear,Credit Card,65,1
2216.11,10,3,37,8.9,Footwear,Debit Card,18,1
1270.74,3,1,55,3.2,Footwear,Credit Card,27,0
300.0,41,6,49,3.5,Footwear,Debit Card,10,0
3957.98,45,8,54,24.6,Clothing,UPI,2,1
2665.79,18,3,2,13.9,Electronics,Debit Card,83,0
719.06,47,3,40,7.5,Books,Debit Card,61,1
1405.01,36,10,9,4.6,Books,UPI,22,1
3776.43,47,16,6,25.9,Footwear,UPI,10,0
1982.98,22,4,50,2.3,Clothing,Credit Card,59,0
550.52,34,1,23,17.2,Electronics,Credit Card,12,1
773.38,47,3,25,26.9,Electronics,Credit Card,63,1
6634.9,8,3,33,8.9,Electronics,Debit Card,15,0
1893.35,40,8,57,11.5,Clothing,Debit Card,63,1
3793.19,49,15,59,12.0,Electronics,Credit Card,65,0
6547.49,44,13,7,14.4,Clothing,Credit Card,38,1
1311.34,19,6,38,10.5,Footwear,UPI,88,0
2313.31,42,14,59,11.3,Books,UPI,6,0
456.39,41,8,4,4.5,Clothing,Credit Card,6,0
1182.11,37,4,35,1.3,Clothing,Debit Card,38,0
2705.45,6,1,42,16.4,Books,Debit Card,48,0
1580.57,26,4,25,2.9,Books,Debit Card,15,0
2480.75,34,5,59,23.3,Clothing,Credit Card,72,1
3466.55,45,9,9,7.8,Clothing,UPI,29,0
2676.28,6,1,32,31.4,Clothing,Credit Card,2,0
2279.19,37,1,60,11.2,Electronics,UPI,75,0
2066.48,33,12,35,6.1,Clothing,Credit Card,73,1
1214.7,22,6,53,13.7,Clothing,UPI,16,0
947.1,21,5,30,29.0,Home,UPI,58,0
4670.07,6,0,37,9.4,Clothing,Credit Card,88,0
3148.53,6,2,49,9.0,Home,UPI,34,0
1040.65,48,10,24,8.5,Clothing,Credit Card,43,1
1891.01,4,1,44,6.0,Footwear,Credit Card,24,0
682.44,30,11,12,10.5,Footwear,Debit Card,25,1
1293.98,11,1,0,11.7,Footwear,UPI,41,0
2630.67,30,11,35,31.1,Electronics,UPI,33,0
2169.26,31,10,35,6.1,Clothing,Debit Card,43,1
1960.67,24,3,49,25.4,Clothing,UPI,17,1
974.06,9,1,23,12.2,Footwear,COD,7,1
845.13,3,1,26,13.8,Electronics,UPI,59,0
3515.69,31,8,17,5.4,Footwear,Credit Card,27,0
5916.64,40,13,49,7.9,Electronics,UPI,36,1
2657.05,37,12,46,6.8,Clothing,Credit Card,19,1
1602.61,36,2,49,14.7,Footwear,COD,15,0
4262.13,24,2,14,3.9,Clothing,Credit Card,70,0
1002.74,31,3,16,3.7,Clothing,Debit Card,57,0
3778.73,6,1,28,1.0,Footwear,UPI,69,0
1190.78,2,0,4,13.8,Home,COD,53,0
1232.42,20,3,10,2.9,Clothing,Credit Card,69,0
1432.31,28,12,15,8.7,Clothing,UPI,2,1
1684.4,11,1,51,2.4,Footwear,UPI,18,0
3430.48,4,2,33,8.9,Books,UPI,32,1
725.58,15,1,16,8.5,Clothing,UPI,29,0
1184.3,6,1,32,5.6,Footwear,COD,49,1
2093.84,49,2,49,11.8,Books,UPI,84,1
2671.72,30,1,48,5.4,Clothing,UPI,83,0
548.18,38,13,56,16.2,Clothing,Credit Card,80,1
1039.73,2,0,30,18.9,Footwear,Credit Card,75,0
531.6,15,1,17,19.7,Electronics,UPI,60,0
1108.07,11,2,50,8.8,Clothing,UPI,28,1
1331.24,8,1,24,13.4,Clothing,UPI,86,0
2570.68,26,14,4,8.8,Clothing,Credit Card,27,0
363.69,45,17,29,12.3,Electronics,UPI,81,0
2856.32,44,22,44,9.2,Home,COD,8,1
1265.79,5,1,55,9.9,Books,Credit Card,72,1
1424.21,6,2,22,24.1,Clothing,Credit Card,23,1
3568.52,26,2,37,1.4,Electronics,COD,32,0
4635.14,4,0,44,10.2,Home,Credit Card,15,0
1143.01,19,5,17,10.1,Footwear,Credit Card,68,0
1137.63,20,6,31,5.2,Home,UPI,40,1
1410.99,33,8,29,13.1,Footwear,Debit Card,57,0
1133.71,20,8,28,8.5,Books,UPI,47,0
662.11,49,6,35,5.8,Electronics,Credit Card,10,0
1768.71,12,2,8,9.8,Electronics,Credit Card,56,0
1139.12,47,3,22,25.1,Clothing,Credit Card,52,0
1936.23,1,0,2,38.3,Clothing,Debit Card,63,0
5979.45,26,9,21,7.4,Books,Credit Card,51,1
1679.15,14,3,55,6.8,Books,UPI,79,0
1065.3,38,7,55,8.4,Books,Credit Card,70,1
1494.35,37,4,39,2.0,Clothing,COD,9,1
1978.48,11,3,44,7.7,Home,Debit Card,41,1
1610.3,36,4,55,1.4,Clothing,UPI,40,0
1219.28,13,5,57,4.4,Books,COD,16,0
566.96,43,22,30,12.3,Clothing,UPI,25,1
2817.39,3,0,21,3.8,Electronics,COD,10,0
967.52,33,4,10,10.7,Home,UPI,30,0
5032.81,6,0,41,6.9,Home,COD,9,0
1396.53,10,3,42,5.3,Home,UPI,40,0
1259.46,5,0,2,16.7,Electronics,Debit Card,57,0
1299.79,23,4,56,9.4,Books,Debit Card,46,1
2008.48,10,1,13,11.9,Footwear,Debit Card,7,1
985.85,44,11,45,6.8,Footwear,Debit Card,43,1
1127.05,2,1,18,15.2,Footwear,Credit Card,48,0
2795.17,13,3,59,3.1,Home,UPI,76,0
886.78,40,1,59,19.4,Clothing,UPI,57,0
2653.83,2,1,30,0.7,Electronics,Credit Card,17,0
3226.73,20,0,35,0.8,Footwear,Credit Card,25,0
2885.2,1,0,31,5.7,Home,UPI,7,1
2129.28,37,8,25,6.8,Electronics,UPI,55,1
511.36,9,1,0,6.6,Clothing,Credit Card,19,1
774.72,17,2,1,3.8,Footwear,Debit Card,81,1
700.11,9,2,5,26.1,Clothing,COD,32,0
1387.33,11,5,44,8.1,Electronics,UPI,87,1
1848.02,15,7,13,19.7,Books,COD,32,1
785.44,24,4,27,1.5,Electronics,COD,26,1
1602.19,38,7,32,4.0,Clothing,UPI,72,1
2918.84,35,2,59,3.1,Clothing,Credit Card,22,0
898.65,30,2,24,1.2,Clothing,Credit Card,55,0
1019.51,31,6,39,10.0,Clothing,Credit Card,57,1
4132.64,49,18,17,5.5,Books,Credit Card,8,0
944.72,5,1,45,2.4,Footwear,Credit Card,46,1
2297.54,44,4,33,4.4,Clothing,UPI,5,1
4304.77,14,1,55,13.5,Clothing,UPI,12,1
790.73,11,2,11,22.2,Footwear,UPI,27,1
833.24,9,1,26,5.7,Electronics,Debit Card,84,0
1537.58,34,2,23,4.8,Books,UPI,11,0
1895.66,12,1,32,6.0,Clothing,Debit Card,36,1
1153.87,35,6,52,4.6,Footwear,Credit Card,52,1
7186.06,35,2,14,4.9,Home,Credit Card,2,0
2636.05,1,0,42,23.7,Home,COD,74,0
1029.66,40,8,31,14.0,Electronics,UPI,71,0
694.92,22,3,49,15.6,Footwear,UPI,12,1
1730.04,29,8,16,3.8,Electronics,COD,55,1
2458.21,8,3,34,13.4,Home,Credit Card,80,1
6557.19,11,1,46,7.1,Clothing,UPI,31,1
1906.59,41,10,44,3.3,Electronics,UPI,32,0
1525.35,37,2,34,34.1,Home,COD,64,0
912.69,14,1,12,11.5,Clothing,Credit Card,59,0
2343.19,30,6,57,23.3,Electronics,UPI,25,0
3683.74,35,6,8,18.0,Clothing,COD,69,1
517.41,21,1,9,1.4,Clothing,Credit Card,68,0
1905.09,37,11,0,3.9,Books,COD,44,0
885.27,5,2,58,13.4,Clothing,UPI,43,1
699.04,19,3,33,6.5,Footwear,Credit Card,15,0
5918.21,14,1,56,11.6,Books,UPI,13,1
3364.75,26,1,45,17.6,Clothing,Credit Card,69,0
1182.81,4,3,36,1.3,Clothing,UPI,70,0
1614.8,25,1,24,11.0,Electronics,UPI,45,0
1447.94,45,1,21,5.5,Books,UPI,25,0
822.26,42,6,9,14.4,Home,UPI,25,0
1238.23,25,3,25,19.7,Clothing,COD,10,1
3129.97,18,3,18,8.1,Clothing,UPI,62,0
1216.75,40,4,39,7.3,Books,Credit Card,12,0
2501.94,8,3,44,11.5,Footwear,Credit Card,67,1
1223.36,39,19,40,14.3,Footwear,Debit Card,29,1
789.23,40,13,49,29.8,Footwear,Debit Card,43,1
4171.72,14,4,56,28.7,Home,Debit Card,88,1
406.97,32,9,3,18.3,Books,COD,88,1
6307.46,38,5,39,23.1,Home,Debit Card,89,0
3635.71,33,3,4,8.0,Books,Debit Card,37,0
2054.73,23,9,28,6.2,Home,Credit Card,69,1
1323.3,15,2,37,1.6,Electronics,Debit Card,11,0
1397.5,33,5,51,4.9,Electronics,Credit Card,40,0
2083.33,25,5,4,13.5,Books,UPI,63,0
2057.69,17,6,59,4.8,Electronics,UPI,22,1
923.88,33,8,0,9.3,Home,UPI,15,0
1895.9,47,10,27,12.1,Home,UPI,9,1
2167.0,2,0,18,14.7,Clothing,Credit Card,70,0
1464.9,14,8,35,33.0,Clothing,UPI,64,1
8668.32,40,4,0,9.2,Electronics,Credit Card,90,1
1646.19,40,5,28,14.0,Electronics,COD,6,0
526.19,39,4,50,6.7,Home,Credit Card,43,0
891.4,6,3,35,3.3,Electronics,UPI,20,0
2958.59,6,1,31,5.3,Books,UPI,43,0
1090.4,3,1,13,7.7,Clothing,COD,62,1
901.76,7,1,31,12.1,Home,COD,67,1
4801.83,8,2,45,29.1,Electronics,COD,82,1
2036.22,42,3,8,8.6,Footwear,UPI,52,0
1186.96,15,5,18,5.8,Clothing,UPI,74,1
300.0,47,6,10,5.8,Electronics,COD,26,0
2791.23,29,3,47,10.9,Footwear,UPI,31,0
1827.74,33,5,50,10.7,Books,UPI,55,1
4494.09,30,7,3,10.1,Electronics,UPI,68,0
840.31,39,2,40,8.0,Clothing,COD,57,0
1392.32,27,2,24,15.2,Home,Credit Card,24,0
2228.39,36,7,16,1.2,Books,COD,65,0
4355.36,29,8,46,13.3,Electronics,UPI,26,1
2166.63,38,9,7,6.2,Electronics,Debit Card,49,0
1101.9,33,4,57,11.7,Electronics,UPI,38,1
4484.74,37,8,44,13.1,Clothing,UPI,36,0
1453.02,27,6,0,5.7,Electronics,Credit Card,54,0
2050.87,33,4,1,36.2,Clothing,Credit Card,9,0
3057.86,4,1,9,3.8,Clothing,Debit Card,42,0
5400.46,22,3,26,21.4,Clothing,COD,82,1
2340.73,2,1,52,7.9,Electronics,UPI,24,1
11060.08,10,1,26,16.9,Clothing,UPI,40,1
1698.19,5,1,12,1.8,Electronics,Credit Card,82,0
2220.52,10,3,10,12.6,Clothing,COD,8,0
1172.56,33,9,13,8.4,Clothing,Debit Card,54,1
2266.1,38,5,31,13.5,Electronics,Credit Card,11,0
2226.1,13,1,15,13.4,Home,Debit Card,88,0
3759.31,31,6,59,16.0,Clothing,UPI,77,1
2467.99,47,12,28,21.1,Home,UPI,56,0
1250.04,36,5,37,25.1,Clothing,Credit Card,29,0
2163.5,45,6,33,2.3,Clothing,Debit Card,42,1
1129.29,24,6,25,1.6,Footwear,Credit Card,6,1
2656.18,15,5,4,6.1,Electronics,Credit Card,3,0
1222.42,29,7,18,10.3,Electronics,Credit Card,74,1
679.53,8,1,38,6.3,Clothing,Credit Card,65,0
819.69,5,1,27,17.1,Clothing,COD,12,1
794.33,29,4,27,23.6,Clothing,Credit Card,36,0
1249.32,47,6,16,15.4,Footwear,UPI,56,0
999.14,4,0,36,2.6,Electronics,Debit Card,52,0
1780.28,12,3,43,21.6,Books,Credit Card,32,0
1374.2,45,8,18,5.5,Electronics,Debit Card,56,0
2594.96,2,1,26,1.0,Clothing,COD,11,1
2363.52,27,3,49,3.2,Books,UPI,1,0
1441.26,31,6,59,16.8,Electronics,Credit Card,6,0
4314.01,36,8,11,13.7,Books,Credit Card,79,0
945.29,36,2,2,8.8,Electronics,UPI,74,0
3657.41,26,6,57,6.8,Electronics,Debit Card,24,1
2016.89,43,16,3,2.9,Clothing,Debit Card,72,1
1371.86,27,5,46,6.0,Clothing,Debit Card,81,1
3986.21,5,1,46,2.2,Footwear,Debit Card,24,0
2670.46,20,1,10,13.6,Electronics,UPI,77,0
851.56,11,3,33,16.6,Electronics,Debit Card,9,1
2332.71,10,1,17,14.1,Electronics,Debit Card,59,0
2331.08,40,22,34,17.6,Clothing,Debit Card,70,1
3659.82,38,2,17,9.9,Books,Credit Card,23,1
2723.71,6,0,45,17.1,Clothing,Credit Card,86,0
2863.59,8,1,5,0.5,Home,UPI,85,1
1327.47,23,0,33,8.2,Electronics,COD,17,1
1561.19,47,7,32,13.8,Electronics,Credit Card,90,0
1515.5,26,3,7,5.4,Footwear,Credit Card,25,0
590.47,46,17,41,7.7,Home,UPI,38,0
4450.0,43,11,19,7.9,Books,Credit Card,3,1
825.99,12,1,49,9.1,Footwear,UPI,67,0
2182.24,26,3,19,4.1,Clothing,COD,14,0
1434.02,13,0,42,7.9,Electronics,COD,10,1
1530.11,40,9,17,16.6,Footwear,UPI,66,0
2905.26,18,4,26,2.8,Clothing,Credit Card,71,1
1047.1,25,1,47,4.3,Home,Credit Card,14,0
2488.92,33,3,4,8.5,Footwear,Debit Card,81,0
2505.6,47,18,6,13.6,Books,Debit Card,10,0
1050.57,40,10,21,2.8,Footwear,COD,49,1
3421.43,43,13,33,5.3,Home,UPI,62,0
4708.86,12,3,42,24.7,Clothing,UPI,48,0
7459.97,44,3,12,9.3,Footwear,Credit Card,3,1
1505.04,36,2,51,13.0,Electronics,Debit Card,47,0
2066.86,48,5,31,17.7,Footwear,UPI,60,0
2157.13,4,0,23,9.4,Footwear,UPI,25,0
2881.42,5,2,59,2.9,Home,Debit Card,7,0
6148.59,37,4,15,7.2,Home,Debit Card,77,1
2542.19,8,1,13,13.6,Footwear,UPI,39,0
2591.11,42,11,38,14.6,Electronics,COD,43,0
840.28,49,7,6,5.5,Books,UPI,46,0
7585.93,28,8,43,5.0,Electronics,UPI,89,0
1296.29,31,3,11,5.0,Home,UPI,43,0
300.0,9,1,19,14.7,Clothing,COD,29,0
367.61,29,3,32,5.9,Home,Debit Card,83,0
2270.04,14,4,54,1.3,Clothing,UPI,86,1
741.61,40,10,5,6.7,Footwear,UPI,66,0
1877.41,41,3,39,13.4,Clothing,Debit Card,86,0
635.03,22,2,26,16.9,Home,Credit Card,69,0
2238.43,11,3,12,5.4,Clothing,COD,27,1
2683.81,23,2,4,8.5,Home,Debit Card,82,0
2044.86,1,0,23,8.1,Electronics,UPI,3,0
1110.5,46,21,9,7.3,Home,Debit Card,56,0
3344.24,37,18,58,7.3,Clothing,UPI,64,1
1367.1,21,9,45,12.1,Clothing,COD,21,1
1584.7,26,4,55,17.3,Home,UPI,24,1
1265.49,46,12,31,7.4,Home,UPI,90,0
1498.86,36,9,8,3.6,Footwear,Credit Card,20,0
6700.08,23,3,48,11.4,Books,UPI,52,0
1801.79,1,0,34,29.0,Electronics,UPI,13,1
743.42,40,5,43,11.1,Clothing,Credit Card,70,1
923.83,15,2,11,9.8,Clothing,Credit Card,90,0
1490.21,21,2,10,3.9,Clothing,Credit Card,43,0
1036.65,47,3,53,1.5,Clothing,COD,78,0
3514.88,9,2,60,7.9,Footwear,Credit Card,37,1
670.58,9,1,35,11.2,Clothing,COD,30,0
1663.46,10,1,7,21.3,Clothing,UPI,15,0
3668.16,26,7,9,9.5,Footwear,UPI,83,0
1163.2,41,7,13,1.9,Electronics,Debit Card,75,0
2458.58,35,5,29,4.0,Clothing,UPI,84,0
1757.71,25,2,0,10.0,Electronics,UPI,25,0
1768.54,26,5,11,10.0,Books,COD,38,0
2587.18,11,3,4,14.4,Clothing,Credit Card,43,0
492.16,38,8,13,4.5,Books,UPI,30,0
4197.96,2,1,35,21.8,Footwear,Debit Card,40,1
479.2,7,1,59,12.0,Clothing,UPI,59,1
4004.37,18,2,16,4.3,Electronics,Credit Card,23,0
2449.91,27,4,57,7.1,Footwear,UPI,44,0
2517.95,34,7,21,2.9,Books,UPI,81,0
5598.17,27,3,30,14.3,Electronics,UPI,1,0
4139.86,17,6,25,18.8,Electronics,COD,78,1
3196.85,43,8,12,26.7,Clothing,UPI,82,0
1471.19,44,1,2,8.3,Clothing,Credit Card,41,0
1404.59,24,1,42,10.3,Home,UPI,62,1
3258.54,25,4,10,9.7,Clothing,UPI,60,0
2482.43,7,0,4,18.1,Electronics,Credit Card,80,0
2232.37,6,1,37,4.8,Books,Credit Card,10,1
1737.39,24,1,3,7.1,Clothing,Debit Card,73,0
1359.04,33,1,31,10.7,Footwear,COD,78,0
683.35,49,19,9,17.3,Footwear,UPI,66,1
2836.97,29,4,9,20.4,Electronics,UPI,57,0
1592.12,43,2,43,16.1,Electronics,COD,42,1
1521.3,22,1,53,7.6,Electronics,COD,54,1
508.37,26,10,54,13.0,Books,Credit Card,85,0
1929.26,28,2,17,8.8,Home,Credit Card,42,0
696.2,21,1,46,5.8,Electronics,UPI,66,0
1333.76,49,2,54,9.6,Footwear,Credit Card,70,0
3149.16,7,2,22,40.9,Footwear,UPI,11,1
1889.93,17,1,17,4.7,Electronics,COD,67,1
1679.47,20,2,34,5.2,Clothing,UPI,11,0
1087.21,41,8,2,8.3,Home,UPI,4,0
1232.4,49,12,0,16.9,Electronics,Credit Card,79,0
5484.9,20,5,16,1.8,Books,UPI,90,1
3120.71,22,3,41,14.9,Footwear,Credit Card,79,0
1308.36,28,4,58,5.7,Electronics,COD,49,0
1679.3,40,8,5,14.1,Books,Credit Card,22,0
2149.81,49,2,56,10.8,Electronics,COD,37,1
2456.91,7,1,56,6.9,Books,UPI,10,1
1777.53,1,0,10,2.7,Clothing,UPI,20,0
523.6,32,5,13,17.3,Footwear,COD,73,1
1768.64,13,1,48,8.1,Home,UPI,50,1
1694.69,30,1,27,6.9,Clothing,Debit Card,31,0
7632.03,23,3,38,4.9,Clothing,Credit Card,44,1
11899.21,19,10,53,11.5,Footwear,Credit Card,31,1
2834.2,32,3,35,17.0,Footwear,Debit Card,75,1
1125.53,30,3,10,8.8,Clothing,Debit Card,41,0
2908.26,29,10,50,4.9,Books,COD,4,1
550.63,49,3,40,19.8,Home,UPI,14,0
1245.29,45,6,57,3.7,Clothing,Debit Card,46,0
579.13,29,7,52,7.7,Footwear,UPI,54,0
2658.15,30,8,39,18.1,Clothing,Debit Card,89,0
774.74,16,6,51,7.2,Books,UPI,87,0
1478.98,40,11,3,2.5,Clothing,Credit Card,33,1
1753.04,19,6,47,10.3,Electronics,UPI,30,0
1771.8,18,1,5,20.2,Electronics,UPI,9,0
1298.53,1,0,37,5.7,Books,Debit Card,38,0
2288.61,14,3,18,6.3,Clothing,UPI,89,1
751.47,47,11,30,17.2,Clothing,Debit Card,82,1
6108.86,2,1,1,0.4,Clothing,Credit Card,43,1
876.69,28,3,42,20.6,Clothing,UPI,7,1
1858.99,49,6,24,5.4,Clothing,UPI,88,1
2800.28,30,13,49,1.9,Footwear,COD,40,0
2915.81,38,4,40,7.5,Electronics,COD,85,0
3111.16,4,1,59,13.5,Footwear,UPI,62,0
592.92,1,0,47,6.9,Clothing,UPI,55,1
951.3,8,1,10,3.2,Footwear,UPI,35,0
1988.43,29,2,45,17.0,Clothing,Debit Card,43,0
2532.13,39,3,39,7.9,Footwear,Debit Card,11,0
4358.96,3,1,58,1.8,Electronics,UPI,2,0
1261.66,32,4,44,11.5,Clothing,UPI,79,0
959.59,10,1,41,2.5,Clothing,Debit Card,79,0
1233.02,10,1,54,27.0,Clothing,Credit Card,5,0
8792.04,19,8,43,9.4,Clothing,Debit Card,40,0
5168.3,46,11,20,4.5,Footwear,UPI,80,1
1605.77,34,8,60,4.4,Footwear,Debit Card,46,0
4444.23,33,5,2,9.1,Clothing,Credit Card,21,0
1211.07,23,4,1,23.0,Electronics,Credit Card,9,0
3526.86,28,10,10,5.3,Footwear,Credit Card,71,1
688.67,32,9,23,7.1,Books,Credit Card,27,0
2320.51,7,3,49,11.3,Electronics,Credit Card,17,0
3690.91,29,5,23,7.2,Electronics,UPI,66,0
1438.5,8,1,20,2.4,Clothing,COD,26,1
2777.73,1,0,24,9.2,Clothing,COD,72,1
1220.37,3,0,3,5.2,Clothing,Credit Card,45,0
2236.08,24,4,39,6.9,Home,UPI,55,1
1290.67,23,4,60,25.2,Clothing,UPI,40,0
3207.98,8,2,42,7.2,Clothing,COD,16,1
746.16,47,12,46,0.9,Books,COD,84,0
888.33,37,6,22,6.7,Electronics,UPI,32,0
4509.75,3,1,59,8.1,Electronics,Debit Card,35,0
323.23,33,3,23,13.3,Clothing,Credit Card,64,0
1154.35,28,12,20,10.2,Electronics,UPI,64,1
1636.87,47,23,1,10.1,Home,Credit Card,15,1
2314.86,8,1,22,10.8,Clothing,Debit Card,42,0
1294.05,34,6,50,14.7,Home,UPI,50,0
822.19,35,3,14,2.4,Home,UPI,32,0
4265.85,32,11,60,31.4,Clothing,UPI,30,1
3779.25,24,11,57,6.4,Footwear,COD,83,1
1386.44,14,2,25,3.5,Footwear,Credit Card,24,0
516.22,32,10,25,11.5,Books,Credit Card,66,0
2240.19,46,10,27,7.0,Electronics,Debit Card,21,0
2053.34,43,5,58,16.1,Clothing,COD,42,1
1133.49,16,2,25,5.4,Books,UPI,80,1
460.11,4,1,44,17.6,Clothing,UPI,58,1
1495.05,37,14,1,3.5,Electronics,UPI,2,0
3092.05,21,9,34,27.2,Footwear,COD,16,1
3435.84,14,4,31,8.4,Clothing,Credit Card,7,1
1752.98,31,2,29,22.4,Clothing,Debit Card,55,1
1168.61,48,13,45,3.0,Home,UPI,15,1
3023.36,18,7,19,14.2,Footwear,Credit Card,23,1
815.74,7,0,57,14.0,Footwear,UPI,69,0
700.4,10,1,12,7.4,Clothing,Credit Card,1,0
1699.48,7,2,26,1.0,Home,UPI,69,0
5337.5,33,11,22,14.3,Home,Credit Card,13,1
5479.49,23,8,57,6.6,Clothing,Debit Card,26,1
718.78,21,2,15,20.0,Clothing,COD,52,0
1331.31,19,4,30,16.5,Home,UPI,13,0
9934.08,48,6,11,19.9,Clothing,Debit Card,55,1
1116.67,19,2,32,12.6,Clothing,COD,29,1
5618.49,36,6,37,9.3,Clothing,UPI,18,0
3580.32,29,12,44,22.9,Electronics,Credit Card,2,1
4161.37,18,5,31,39.1,Clothing,Credit Card,27,0
1323.32,2,0,53,8.7,Home,UPI,50,0
1351.02,1,0,55,19.7,Clothing,UPI,42,1
955.82,47,8,1,5.0,Clothing,UPI,67,1
3162.7,5,1,49,3.4,Electronics,Credit Card,10,1
575.04,20,5,48,5.0,Electronics,UPI,9,1
1612.63,11,2,50,4.7,Electronics,UPI,3,0
5676.73,42,2,22,14.6,Electronics,Debit Card,86,0
2741.27,2,0,31,5.9,Clothing,UPI,38,0
3647.68,3,0,14,3.6,Clothing,UPI,75,0
572.02,23,3,39,3.7,Clothing,UPI,70,1
901.57,12,6,54,12.4,Books,COD,69,1
4141.9,20,3,40,14.6,Clothing,UPI,30,1
1974.46,5,0,39,13.1,Home,UPI,14,0
873.28,37,13,7,14.2,Clothing,UPI,2,0
2803.07,38,13,42,6.6,Clothing,UPI,8,1
1244.52,30,4,49,30.7,Footwear,Credit Card,74,1
10681.74,9,2,48,6.7,Electronics,COD,85,1
2749.91,34,5,21,5.6,Electronics,Credit Card,83,0
947.83,44,6,54,14.3,Electronics,Credit Card,18,0
3349.99,35,14,37,6.5,Clothing,UPI,71,0
5598.97,22,3,54,5.5,Footwear,UPI,13,0
1800.52,44,4,55,7.0,Footwear,UPI,46,1
1056.21,24,5,33,10.0,Clothing,Debit Card,54,1
1865.02,17,3,0,17.6,Clothing,Credit Card,12,0
1177.37,10,1,9,1.8,Home,UPI,40,1
1508.97,30,2,39,17.7,Electronics,UPI,88,1
683.9,46,16,15,2.4,Footwear,UPI,82,1
3336.41,23,4,23,2.7,Books,Debit Card,38,0
808.76,32,3,45,10.4,Clothing,Credit Card,12,1
2767.54,17,4,23,1.9,Electronics,Debit Card,67,0
1461.37,17,9,47,5.4,Books,Credit Card,25,1
2113.35,14,2,13,16.3,Clothing,UPI,35,0
1296.87,9,1,25,14.3,Clothing,COD,16,0
2074.24,40,8,38,17.6,Clothing,UPI,45,0
2447.58,2,0,17,5.1,Clothing,UPI,13,0
1414.31,45,13,19,6.8,Books,Debit Card,24,0
538.79,25,7,40,2.5,Electronics,UPI,76,0
2289.09,39,3,55,7.0,Clothing,Credit Card,2,1
2376.97,9,4,35,2.6,Footwear,COD,90,1
663.2,22,5,23,40.0,Clothing,Credit Card,10,1
909.82,43,13,25,11.7,Footwear,UPI,19,1
1417.35,46,13,28,9.9,Books,Credit Card,86,1
362.71,4,1,47,4.8,Books,Debit Card,24,0
2967.68,26,8,21,4.5,Clothing,Credit Card,90,0
1284.13,29,2,10,6.0,Footwear,Credit Card,61,0
2212.77,45,2,40,10.8,Electronics,COD,5,0
859.55,34,3,48,3.4,Clothing,COD,80,0
7422.28,23,2,53,2.5,Electronics,Credit Card,34,0
668.87,37,4,10,0.4,Home,UPI,64,0
1275.47,11,4,51,11.9,Clothing,Debit Card,12,1
4185.4,6,1,2,7.6,Home,UPI,59,0
808.68,18,0,20,6.0,Clothing,Debit Card,21,0
1926.99,21,9,57,3.4,Books,UPI,89,1
2803.97,42,5,10,6.0,Clothing,Debit Card,78,0
629.84,36,7,7,20.2,Home,UPI,47,0
1132.23,41,12,30,4.3,Footwear,COD,53,1
2065.47,38,20,58,12.9,Books,UPI,73,1
2483.25,34,4,9,14.3,Home,UPI,39,0
1016.78,17,7,5,3.1,Home,Debit Card,31,1
6557.71,37,5,16,3.7,Clothing,Credit Card,78,0
2531.74,25,8,37,8.0,Footwear,Credit Card,81,1
3113.98,38,10,6,29.7,Clothing,COD,89,1
2988.7,12,2,31,16.4,Electronics,Credit Card,46,0
605.28,23,6,12,8.0,Home,Debit Card,57,1
1668.47,42,16,5,16.8,Clothing,UPI,37,0
1787.61,22,7,2,0.9,Clothing,Debit Card,27,0
1513.15,21,6,26,7.5,Clothing,UPI,82,1
2090.63,27,6,56,0.8,Electronics,Credit Card,29,1
413.6,31,5,44,9.4,Electronics,Debit Card,18,1
1977.64,6,2,41,13.8,Clothing,Credit Card,4,1
1462.17,27,10,25,5.4,Electronics,COD,84,1
411.07,40,1,3,5.2,Footwear,Debit Card,1,0
2430.12,34,5,36,8.1,Electronics,Debit Card,24,0
790.89,12,3,20,5.8,Books,Credit Card,42,1
1385.25,45,6,50,6.5,Books,Credit Card,60,0
1513.11,7,2,27,18.0,Clothing,UPI,24,0
496.54,10,2,17,14.3,Clothing,UPI,56,1
536.98,45,9,55,10.9,Electronics,UPI,69,0
2648.54,17,1,31,2.0,Books,COD,90,1
1184.8,26,5,38,12.4,Footwear,UPI,18,0
1373.29,21,10,52,7.9,Footwear,Debit Card,65,0
1902.62,28,8,60,5.8,Books,Credit Card,10,1
528.08,46,16,32,6.5,Books,Credit Card,17,0
1359.14,2,1,25,20.5,Home,Credit Card,58,1
1673.32,43,4,16,16.0,Home,UPI,35,0
6217.82,1,1,55,6.4,Books,COD,4,1
949.37,36,11,51,23.7,Books,COD,44,1
3140.75,26,1,28,15.1,Clothing,Credit Card,75,0
1805.77,29,8,19,4.4,Books,COD,67,0
816.55,21,3,29,4.3,Home,UPI,28,0
1160.89,11,4,56,9.3,Clothing,UPI,11,1
3315.57,40,17,49,3.6,Clothing,Credit Card,3,1
3114.73,11,3,4,25.6,Footwear,Debit Card,3,0
1256.15,36,6,53,9.5,Clothing,UPI,25,0
2299.87,49,3,5,3.8,Home,Credit Card,76,1
874.88,39,9,41,21.5,Electronics,UPI,12,0
1597.84,40,13,59,0.8,Books,COD,49,1
1338.47,35,4,50,9.6,Clothing,Debit Card,56,0
3471.16,34,7,9,7.6,Electronics,UPI,53,1
2499.86,47,29,5,2.5,Books,COD,10,1
1126.37,24,2,9,22.8,Clothing,UPI,19,0
1207.68,22,11,41,5.6,Home,Credit Card,47,1
1771.65,5,1,20,5.0,Clothing,UPI,54,0
1615.01,33,4,43,14.5,Books,UPI,7,0
1486.73,36,10,55,9.3,Clothing,UPI,88,1
1413.23,47,2,3,4.0,Electronics,UPI,39,0
4747.77,20,6,12,5.5,Books,COD,32,1
1317.72,19,2,57,20.8,Electronics,Credit Card,23,0
2230.51,35,2,9,6.9,Books,UPI,50,0
9856.32,43,22,15,29.2,Home,Credit Card,19,1
999.7,17,2,18,3.6,Electronics,Debit Card,67,1
2069.17,45,8,5,6.2,Clothing,COD,25,0
2145.49,43,23,25,4.6,Electronics,Credit Card,25,0
1794.05,34,9,8,13.7,Clothing,Debit Card,6,1
1860.82,9,3,45,30.2,Clothing,UPI,15,1
977.22,26,5,55,8.8,Footwear,UPI,63,0
2324.34,2,1,9,10.0,Books,Credit Card,20,1
499.66,9,1,39,6.0,Electronics,Credit Card,43,0
6364.47,9,2,2,2.2,Clothing,Credit Card,88,1
5997.68,40,9,48,7.0,Footwear,Debit Card,67,0
1435.89,17,2,18,11.6,Electronics,Credit Card,4,1
3775.27,1,0,34,5.3,Home,COD,6,1
1472.39,25,6,45,2.5,Clothing,COD,59,1
1820.5,43,7,59,0.5,Books,Credit Card,52,0
1122.54,40,2,5,23.6,Footwear,Credit Card,19,0
3209.4,42,12,28,5.9,Clothing,Credit Card,26,1
1203.63,25,3,18,11.2,Home,UPI,48,0
3132.57,39,4,49,17.3,Home,COD,89,0
1755.61,35,5,43,19.8,Home,UPI,55,0
1786.35,3,1,14,5.2,Clothing,Credit Card,89,0
636.56,37,15,56,10.9,Clothing,UPI,59,0
1885.4,44,5,37,11.8,Clothing,Debit Card,74,0
810.71,44,11,20,15.6,Clothing,UPI,38,0
1887.7,30,4,43,11.7,Clothing,COD,84,1
7029.27,38,5,50,10.0,Home,UPI,5,0
683.56,34,2,38,3.6,Electronics,COD,42,0
1631.35,12,0,22,13.4,Clothing,COD,35,1
1158.81,19,4,19,8.1,Electronics,Debit Card,69,1
872.86,37,4,41,21.7,Electronics,Credit Card,3,1
1039.12,44,6,49,13.5,Clothing,UPI,41,1
5062.3,49,11,1,1.2,Home,COD,32,1
6096.93,17,3,44,3.4,Books,Debit Card,36,1
869.19,10,1,31,6.0,Footwear,UPI,30,0
2393.8,49,15,46,8.0,Clothing,Credit Card,39,0
950.23,47,2,27,32.6,Home,UPI,90,0
1124.59,12,4,55,14.6,Electronics,Debit Card,89,1
430.75,16,2,3,4.6,Electronics,UPI,60,0
8040.77,24,5,6,14.9,Clothing,Debit Card,56,1
3900.36,19,5,2,9.7,Clothing,Debit Card,76,1
1145.76,8,1,24,15.0,Home,UPI,82,1
2207.0,31,9,47,6.5,Books,COD,58,0
1366.51,21,3,57,34.5,Footwear,Debit Card,26,1
3505.77,17,0,8,23.6,Clothing,Credit Card,79,0
1423.85,23,1,22,13.1,Clothing,COD,5,1
1577.6,37,7,22,5.9,Clothing,COD,56,1
1137.47,16,1,48,15.0,Books,Debit Card,33,0
2759.28,6,1,25,2.3,Clothing,UPI,9,1
8489.03,8,1,39,24.7,Clothing,Credit Card,32,0
1481.81,25,7,17,21.2,Clothing,COD,77,1
1469.96,18,5,23,12.1,Footwear,Credit Card,28,1
1776.5,25,2,26,3.7,Footwear,Credit Card,23,0
2169.27,12,1,44,6.4,Clothing,COD,88,0
1466.62,15,2,1,0.9,Home,UPI,69,0
1373.91,26,4,0,7.2,Footwear,UPI,62,0
1915.56,41,1,47,3.4,Footwear,COD,48,0
530.73,45,10,15,1.3,Books,UPI,66,0
1232.52,26,1,42,5.8,Books,UPI,62,0
445.55,47,6,23,6.3,Clothing,COD,69,0
1280.66,32,4,35,2.7,Footwear,Debit Card,56,0
930.96,10,0,10,10.5,Home,Credit Card,74,0
2804.24,16,2,25,16.7,Electronics,Debit Card,36,0
1080.68,7,1,5,11.0,Home,UPI,36,0
1399.88,17,6,25,8.0,Electronics,Credit Card,56,1
402.02,23,6,28,8.5,Home,Credit Card,7,0
3698.48,26,1,42,6.7,Electronics,UPI,32,1
845.16,21,5,57,5.8,Home,Debit Card,1,0
1289.66,22,1,0,10.8,Electronics,UPI,58,0
3117.13,7,1,8,11.3,Clothing,UPI,20,0
3125.31,14,1,26,8.5,Electronics,UPI,34,1
830.84,15,7,6,6.0,Clothing,Credit Card,51,1
2614.59,7,1,52,3.7,Books,COD,36,1
809.07,9,2,53,1.8,Electronics,Credit Card,26,1
2127.32,48,10,2,3.7,Clothing,UPI,87,0
1044.21,8,1,60,5.9,Footwear,UPI,33,0
888.4,23,2,8,6.4,Electronics,Credit Card,1,0
1853.21,29,1,1,39.5,Electronics,UPI,67,0
1089.57,18,6,59,15.5,Electronics,UPI,50,0
7427.96,31,12,9,10.9,Footwear,Debit Card,35,0
1173.28,30,4,16,13.1,Books,Debit Card,35,0
784.96,39,9,30,34.0,Home,COD,59,0
963.72,35,19,0,4.7,Books,Debit Card,77,0
1786.18,18,2,57,25.5,Footwear,UPI,13,1
1955.48,42,4,17,0.5,Books,Debit Card,22,0
2245.46,39,14,5,7.1,Clothing,Credit Card,56,1
3422.26,17,0,37,3.2,Clothing,UPI,5,0
561.36,14,3,40,1.7,Clothing,Credit Card,81,0
3533.39,31,11,41,21.2,Electronics,UPI,43,1
953.62,24,1,46,7.0,Home,UPI,74,1
2395.04,35,5,3,6.1,Electronics,UPI,55,0
6031.63,44,17,39,7.1,Home,COD,15,1
1034.03,45,5,3,9.3,Clothing,Debit Card,42,0
1004.48,34,2,34,4.1,Electronics,Credit Card,9,0
882.71,3,0,3,1.6,Clothing,UPI,71,0
1427.11,37,10,0,8.0,Clothing,UPI,57,0
4384.21,43,10,40,9.4,Books,Credit Card,10,0
828.81,40,8,42,22.3,Footwear,Credit Card,64,0
1279.69,26,15,30,7.8,Footwear,Debit Card,41,1
3579.64,23,2,52,8.9,Electronics,UPI,13,1
2798.3,44,6,54,3.4,Clothing,Credit Card,16,1
1274.36,39,11,18,3.4,Electronics,COD,72,1
1559.87,15,2,20,10.9,Home,UPI,60,1
3432.68,49,14,60,14.2,Electronics,Credit Card,31,1
5471.1,4,2,57,17.6,Footwear,UPI,55,1
5947.4,29,3,29,10.5,Footwear,UPI,71,0
4749.82,22,3,51,4.1,Clothing,Debit Card,34,1
1131.11,25,6,6,1.9,Footwear,Debit Card,4,0
6457.77,13,1,4,3.2,Home,Credit Card,55,0
1077.92,18,1,1,10.5,Electronics,UPI,90,0
569.19,33,9,50,2.1,Footwear,Debit Card,66,0
1955.99,16,4,55,3.2,Home,UPI,59,0
5081.45,45,7,2,4.5,Clothing,UPI,41,0
2877.1,42,9,14,12.3,Electronics,COD,66,0
1717.12,44,3,38,20.1,Clothing,Debit Card,90,1
2217.1,2,1,36,8.6,Books,Debit Card,47,0
2624.1,35,5,54,10.0,Clothing,Credit Card,27,1
2004.8,42,6,9,7.9,Electronics,UPI,79,0
1470.34,34,21,8,7.1,Electronics,COD,21,1
1076.51,30,1,22,11.5,Electronics,Credit Card,11,0
1955.94,13,1,13,7.2,Electronics,UPI,87,0
1659.41,13,1,53,24.4,Clothing,UPI,22,0
1812.61,18,4,59,9.5,Clothing,UPI,23,1
3760.08,32,6,44,10.3,Home,UPI,65,0
1520.29,32,1,32,8.1,Books,UPI,59,0
1562.92,35,9,15,14.8,Clothing,UPI,76,0
2065.11,39,9,19,4.4,Books,UPI,89,0
11362.81,46,7,7,3.4,Clothing,UPI,70,0
841.91,29,8,48,13.4,Footwear,UPI,28,1
3882.81,49,8,37,9.5,Electronics,UPI,25,0
1466.6,29,7,33,13.5,Electronics,UPI,82,0
1732.48,44,22,30,6.3,Electronics,UPI,1,1
721.61,16,4,44,9.0,Clothing,Credit Card,32,0
6743.43,44,16,56,5.7,Home,Credit Card,29,0
2112.81,47,26,7,7.8,Electronics,UPI,20,1
2867.45,10,2,24,1.9,Electronics,UPI,46,0
633.22,30,8,40,0.9,Books,COD,77,1
1153.33,25,7,12,2.2,Footwear,Credit Card,57,1
2413.26,39,7,17,14.5,Clothing,Debit Card,12,0
1615.36,20,4,49,14.2,Electronics,Debit Card,72,0
2471.73,5,0,40,25.1,Books,UPI,39,1
7879.31,1,0,33,13.7,Electronics,Credit Card,8,1
2574.03,30,14,35,6.0,Footwear,Credit Card,82,1
1320.65,49,2,49,8.0,Footwear,UPI,85,0
1146.02,3,1,16,0.8,Clothing,Debit Card,28,0
1058.13,45,12,11,6.1,Books,Debit Card,31,0
1340.3,14,5,15,9.0,Electronics,UPI,15,1
1380.45,30,17,12,16.6,Home,UPI,60,1
1964.99,4,1,10,8.5,Footwear,UPI,39,0
2617.11,18,1,13,2.9,Footwear,UPI,87,1
2452.39,37,4,41,15.9,Books,UPI,80,0
1983.22,25,2,54,5.5,Footwear,UPI,88,0
2081.44,48,11,27,4.1,Home,UPI,21,0
10667.66,1,0,58,7.6,Electronics,COD,8,0
1090.4,46,15,52,5.4,Home,Debit Card,42,0
1762.0,15,1,50,9.0,Home,Credit Card,59,0
518.17,9,1,23,13.0,Books,UPI,81,1
1382.93,15,4,52,6.1,Books,UPI,79,0
963.76,49,5,16,6.2,Clothing,Debit Card,78,1
1084.75,24,8,8,13.0,Clothing,UPI,20,1
788.37,4,0,45,13.0,Books,UPI,61,0
701.71,12,1,29,9.7,Footwear,Debit Card,11,0
1969.66,37,14,36,7.3,Clothing,UPI,32,1
2972.72,37,5,2,18.6,Electronics,UPI,4,0
1053.56,43,9,53,4.6,Clothing,COD,29,1
437.28,6,1,7,13.1,Footwear,UPI,5,0
1954.25,39,13,17,4.4,Home,Debit Card,76,0
2511.46,46,17,58,8.9,Clothing,COD,39,1
2897.52,24,6,29,2.5,Electronics,UPI,23,0
884.58,11,6,2,9.1,Footwear,COD,16,1
1183.06,13,3,54,19.4,Books,Credit Card,50,1
831.38,34,5,33,15.3,Clothing,COD,11,1
1077.62,25,3,58,1.2,Books,UPI,72,0
1040.19,7,0,42,18.8,Clothing,COD,48,0
1265.41,4,1,27,5.3,Books,Credit Card,34,0
1516.25,8,2,36,11.6,Home,Credit Card,21,0
1959.17,20,3,24,8.0,Books,Debit Card,63,1
1000.38,29,3,29,4.9,Home,Credit Card,17,0
1639.56,45,5,6,10.7,Clothing,UPI,34,0
958.36,46,5,45,5.1,Books,UPI,51,0
529.19,10,1,28,13.5,Footwear,UPI,67,0
2639.72,43,12,50,5.0,Electronics,Credit Card,24,0
1136.87,34,12,1,4.5,Electronics,Debit Card,22,0
537.45,26,6,25,13.8,Clothing,Credit Card,10,1
2676.74,41,7,40,32.1,Home,Credit Card,5,0
1516.91,49,9,56,16.4,Footwear,Debit Card,31,1
2482.37,3,0,56,14.7,Footwear,UPI,24,1
2423.23,6,1,41,8.3,Electronics,Debit Card,11,1
840.46,5,1,50,13.0,Clothing,UPI,51,1
3468.02,5,2,48,6.1,Electronics,UPI,48,0
501.25,47,6,56,21.5,Clothing,Credit Card,78,0
1369.2,23,6,6,1.7,Books,UPI,4,0
1307.19,49,9,17,8.0,Books,UPI,8,1
1049.82,9,1,5,6.6,Clothing,Credit Card,7,0
4265.2,35,10,58,8.3,Footwear,Credit Card,32,1
2232.49,20,9,40,4.7,Footwear,Credit Card,86,1
674.73,49,2,39,9.4,Electronics,COD,22,1
746.64,42,10,26,4.6,Books,Credit Card,90,0
8167.84,35,15,59,5.8,Clothing,Credit Card,36,1
1294.91,18,1,53,11.9,Footwear,UPI,29,0
1035.63,17,1,53,39.1,Footwear,Credit Card,68,0
4062.36,24,2,55,5.7,Electronics,UPI,86,0
521.14,3,1,40,10.7,Clothing,Credit Card,61,0
4773.84,32,2,23,18.0,Electronics,UPI,53,0
1034.32,35,17,32,11.2,Clothing,UPI,72,1
2592.62,38,1,30,7.1,Electronics,Credit Card,85,0
1293.07,13,4,33,7.0,Books,Debit Card,15,1
600.61,47,4,21,18.9,Home,UPI,48,0
2048.63,25,5,23,1.1,Books,Credit Card,54,0
3510.3,9,1,35,9.3,Home,Credit Card,68,0
349.36,4,0,27,6.4,Home,Debit Card,69,0
805.11,14,2,19,1.9,Clothing,UPI,64,0
4300.67,37,4,60,8.6,Footwear,Credit Card,66,1
2388.3,34,10,17,5.0,Electronics,UPI,50,0
2501.88,11,4,41,3.3,Electronics,UPI,72,0
3468.99,41,11,31,20.5,Footwear,Credit Card,47,1
2508.64,3,0,32,3.8,Footwear,UPI,68,0
2004.66,28,8,9,3.0,Electronics,Credit Card,13,0
3949.32,29,7,8,2.2,Clothing,COD,14,1
1375.98,9,3,54,10.3,Electronics,Debit Card,9,1
1787.18,3,0,24,11.2,Home,Debit Card,28,1
3223.1,25,7,12,31.7,Books,Credit Card,38,0
1058.48,34,6,46,6.5,Home,COD,12,1
4902.13,12,5,49,5.6,Home,UPI,13,1
2217.07,42,11,57,2.9,Clothing,Credit Card,21,1
808.98,9,1,44,11.7,Electronics,Credit Card,55,0
1578.91,15,1,4,2.2,Home,COD,38,1
685.36,40,5,30,5.0,Clothing,UPI,52,0
1920.09,25,6,30,9.9,Clothing,UPI,26,1
1386.91,5,1,33,5.1,Home,COD,89,0
987.04,11,3,25,5.0,Books,UPI,22,0
520.04,34,1,6,4.3,Clothing,UPI,51,0
1038.73,24,2,40,21.3,Books,Credit Card,72,0
1593.33,15,0,50,4.8,Footwear,Credit Card,37,1
1393.54,38,10,45,11.8,Electronics,Debit Card,45,0
669.07,8,0,48,4.5,Footwear,Credit Card,86,1
1835.35,5,3,51,5.6,Books,Credit Card,77,0
906.99,48,18,19,8.4,Footwear,UPI,37,0
3447.22,26,1,42,20.0,Home,Credit Card,14,1
3821.47,18,2,21,0.9,Footwear,UPI,18,0
1510.27,6,1,4,18.4,Footwear,UPI,7,0
5449.55,37,1,11,3.8,Clothing,COD,74,0
1638.15,48,12,60,9.2,Clothing,UPI,60,1
727.53,13,3,20,7.7,Clothing,Debit Card,58,1
4145.01,28,3,8,2.6,Clothing,COD,55,1
5596.41,5,1,28,5.0,Home,UPI,34,0
3627.27,13,5,26,7.7,Home,UPI,45,0
1059.24,17,3,16,2.4,Electronics,Credit Card,3,0
761.47,40,10,39,15.8,Footwear,UPI,40,1
1414.87,45,9,23,8.4,Clothing,Debit Card,76,0
10234.14,32,5,26,5.2,Footwear,UPI,53,1
793.29,29,5,7,6.2,Footwear,COD,31,1
3211.61,3,0,60,15.7,Clothing,COD,23,1
1694.64,40,1,43,18.3,Books,COD,72,0
3501.36,34,8,28,4.0,Books,UPI,65,0
748.45,40,2,18,2.9,Electronics,UPI,55,0
1518.3,27,2,9,12.9,Home,UPI,79,0
964.26,13,3,23,3.2,Electronics,Debit Card,12,1
1003.45,45,9,33,11.2,Electronics,UPI,1,0
3027.98,33,9,55,3.6,Books,Debit Card,11,0
826.06,6,0,59,3.6,Footwear,Credit Card,51,0
2214.78,24,4,39,1.9,Clothing,Credit Card,66,1
1880.03,19,6,30,26.5,Footwear,Credit Card,45,1
927.35,16,8,45,18.3,Home,Credit Card,72,0
1078.79,40,7,50,6.4,Books,UPI,31,1
2284.16,28,3,3,9.6,Electronics,UPI,85,0
1776.51,33,7,40,9.4,Home,Credit Card,53,0
1857.16,48,5,44,26.8,Books,Debit Card,45,1
1536.37,41,5,30,10.8,Footwear,UPI,67,1
1468.32,13,5,8,14.7,Clothing,Debit Card,89,0
1780.96,43,3,25,20.4,Electronics,Debit Card,41,0
4951.48,45,6,12,3.9,Clothing,UPI,28,1
2618.5,25,4,56,4.5,Clothing,Credit Card,62,1
1649.75,42,4,47,18.3,Books,UPI,2,0
847.86,36,5,25,6.2,Home,UPI,72,1
1348.41,27,3,53,3.5,Clothing,Debit Card,65,1
949.4,38,11,0,9.0,Home,COD,21,1
1035.24,7,3,39,17.9,Home,Credit Card,15,1
488.18,5,1,60,28.7,Footwear,COD,55,1
1793.81,43,5,8,23.3,Clothing,Credit Card,8,0
7687.95,45,5,30,0.6,Clothing,Credit Card,86,0
2074.17,31,2,23,6.4,Electronics,Credit Card,20,0
3008.46,23,5,44,2.7,Electronics,UPI,77,0
3539.92,42,17,48,4.1,Electronics,UPI,64,0
1479.28,10,2,59,9.2,Home,Credit Card,90,0
1550.25,32,7,21,9.2,Electronics,Credit Card,39,0
680.16,43,12,56,0.6,Clothing,Credit Card,7,0
2075.26,30,7,8,4.1,Books,Debit Card,57,1
1880.18,39,13,38,24.4,Home,UPI,75,0
992.94,31,9,22,2.2,Home,UPI,31,0
4039.92,18,1,19,18.0,Clothing,Credit Card,34,0
1049.8,36,8,54,5.3,Footwear,UPI,75,0
13268.68,2,0,41,8.0,Clothing,COD,88,1
2398.05,14,1,20,19.6,Footwear,Debit Card,89,0
1780.57,13,1,26,6.7,Clothing,UPI,51,0
7025.2,29,6,57,25.4,Footwear,Debit Card,56,0
365.72,12,2,4,2.1,Books,Credit Card,29,1
1479.77,39,6,16,15.5,Clothing,Credit Card,63,0
1334.77,2,1,33,14.2,Clothing,COD,85,1
1592.73,32,2,8,23.5,Clothing,Credit Card,33,1
2118.12,13,2,33,12.5,Footwear,COD,45,0
1560.24,46,4,9,7.2,Electronics,COD,6,0
4820.83,27,8,58,3.9,Home,UPI,37,1
2452.25,49,6,43,6.2,Clothing,UPI,53,0
2537.14,41,13,1,1.8,Clothing,Credit Card,2,1
2498.99,17,4,46,14.9,Footwear,Debit Card,57,1
733.71,40,10,24,7.9,Home,Debit Card,51,0
2082.61,31,9,2,7.1,Books,Debit Card,39,0
2133.52,34,5,33,5.8,Electronics,Credit Card,22,0
823.02,24,1,6,13.6,Clothing,Debit Card,79,1
3361.69,45,3,27,7.0,Electronics,Debit Card,43,1
434.33,35,10,8,8.6,Books,UPI,38,0
10549.1,48,5,10,8.5,Footwear,UPI,64,0
1761.16,6,1,28,12.3,Books,Credit Card,37,0
993.45,19,7,53,11.7,Books,Debit Card,38,1
2786.13,30,4,59,19.5,Footwear,Credit Card,71,0
2802.61,7,1,15,17.8,Electronics,UPI,31,0
7572.51,10,2,38,5.8,Clothing,UPI,44,0
6295.08,41,5,28,27.9,Electronics,Debit Card,14,0
712.74,32,14,12,11.6,Home,COD,52,1
1496.62,34,2,34,32.0,Electronics,COD,87,1
956.46,28,13,10,10.4,Footwear,Credit Card,67,0
3039.68,15,1,34,6.2,Electronics,COD,5,0
4868.32,30,16,46,5.2,Electronics,UPI,42,1
719.38,37,2,7,1.7,Clothing,COD,7,0
1729.79,29,8,6,9.8,Footwear,Credit Card,18,1
1161.76,22,3,4,10.2,Electronics,Debit Card,57,1
3265.3,4,0,5,8.1,Footwear,UPI,74,0
2408.21,20,6,56,10.9,Footwear,COD,44,1
4117.78,32,2,50,2.4,Books,Credit Card,61,0
1346.49,36,12,59,7.5,Books,UPI,63,1
1666.27,4,1,34,3.1,Footwear,UPI,32,0
2382.44,27,7,29,11.2,Home,UPI,28,0
1495.57,17,2,10,9.3,Clothing,Credit Card,4,0
2228.98,12,4,37,17.7,Footwear,UPI,15,0
4398.87,22,1,26,6.4,Clothing,Credit Card,2,1
8050.73,17,3,55,17.7,Clothing,Debit Card,23,0
1284.56,10,1,20,7.5,Home,COD,59,0
8129.65,1,0,13,13.4,Clothing,UPI,23,1
1272.06,22,7,48,4.3,Clothing,UPI,26,1
3321.76,26,3,34,8.5,Clothing,UPI,34,1
1279.11,18,7,28,7.8,Books,UPI,13,0
879.44,14,1,23,18.5,Electronics,Debit Card,40,1
4255.25,47,5,35,7.8,Clothing,Credit Card,51,1
1746.89,29,9,40,7.9,Books,Credit Card,10,0
4441.73,12,2,44,30.5,Electronics,UPI,39,0
3060.73,36,7,31,15.0,Books,Debit Card,90,0
2410.96,35,3,5,6.6,Books,COD,4,1
2659.28,12,4,9,12.5,Clothing,Credit Card,82,0
3874.03,7,1,19,16.0,Footwear,COD,52,1
3458.24,29,3,19,9.0,Books,UPI,81,0
1362.16,11,3,25,14.6,Footwear,UPI,56,0
2430.99,33,3,20,8.5,Electronics,COD,27,0
5168.98,6,2,44,18.5,Books,Debit Card,8,0
1866.28,47,1,22,1.4,Electronics,UPI,53,0
1279.39,15,3,45,3.7,Clothing,UPI,13,1
1170.32,32,16,11,6.0,Books,Credit Card,46,1
3276.1,11,2,54,14.6,Clothing,Debit Card,86,1
1527.98,23,1,12,10.8,Home,Debit Card,36,0
2329.86,26,4,9,4.5,Clothing,UPI,43,0
1477.87,34,3,6,9.3,Home,Debit Card,35,0
4112.4,46,11,36,1.5,Clothing,Credit Card,51,1
2008.52,34,4,11,2.2,Clothing,Credit Card,63,0
4913.39,29,7,60,1.9,Clothing,Credit Card,68,1
4789.02,4,1,24,3.2,Clothing,Credit Card,13,1
1699.86,17,3,1,14.1,Clothing,UPI,47,0
4597.83,35,3,39,11.1,Clothing,Credit Card,6,0
1427.33,13,2,25,6.8,Books,UPI,18,0
2178.31,41,11,39,14.5,Footwear,UPI,8,1
1047.55,39,12,50,19.4,Clothing,UPI,41,0
2739.38,15,4,4,3.3,Footwear,UPI,61,0
2232.57,29,4,7,18.1,Books,Credit Card,20,1
2591.36,29,4,41,4.4,Footwear,UPI,85,0
697.78,11,3,44,5.1,Home,Credit Card,56,1
449.19,32,6,8,26.5,Clothing,COD,2,1
818.24,2,1,38,9.5,Clothing,UPI,66,1
2564.15,47,20,19,5.7,Electronics,UPI,32,0
2896.96,14,2,51,12.7,Footwear,Debit Card,22,1
3985.97,20,6,50,15.7,Clothing,UPI,90,0
1362.18,22,1,10,9.6,Home,Credit Card,41,0
2092.36,11,4,39,5.7,Clothing,UPI,10,1
1106.86,27,7,21,10.8,Clothing,UPI,39,0
4708.75,3,1,15,13.3,Clothing,COD,45,0
1100.43,17,7,41,7.6,Electronics,UPI,5,1
4125.61,44,10,37,25.4,Electronics,UPI,12,0
1516.38,28,5,41,10.5,Clothing,UPI,32,1
5446.19,29,3,9,15.1,Footwear,UPI,40,0
2055.08,21,1,24,15.5,Footwear,UPI,18,0
2023.86,47,10,58,2.3,Clothing,UPI,74,1
1066.51,16,0,18,12.7,Footwear,Credit Card,64,1
8241.29,37,9,3,13.7,Footwear,Debit Card,87,0
3617.62,20,2,18,5.7,Footwear,Credit Card,1,1
2587.3,6,2,2,5.0,Electronics,Credit Card,53,0
2138.13,19,3,16,2.2,Clothing,Debit Card,42,0
1138.52,5,2,13,20.6,Clothing,COD,82,1
2896.59,3,0,9,4.2,Footwear,Credit Card,83,0
1725.56,1,0,5,2.3,Home,COD,38,0
1882.33,38,8,30,6.5,Footwear,Credit Card,17,0
3373.41,15,2,30,3.6,Clothing,Debit Card,62,1
2206.4,34,5,47,2.3,Clothing,Credit Card,28,0
1831.16,35,10,8,33.9,Electronics,COD,22,1
4939.18,49,4,52,3.4,Clothing,Credit Card,46,0
1019.22,25,4,11,4.5,Clothing,Debit Card,38,0
567.7,24,9,43,9.3,Clothing,Credit Card,32,1
1035.67,12,2,59,2.2,Home,COD,55,0
2011.08,18,1,45,7.9,Clothing,COD,89,0
2940.06,15,8,25,13.1,Footwear,UPI,9,0
1073.97,44,6,1,10.0,Footwear,Credit Card,50,0
23890.28,16,3,41,11.6,Footwear,UPI,37,0
2053.93,27,13,3,7.6,Books,UPI,65,0
2010.72,8,0,31,5.8,Electronics,COD,79,1
733.08,46,8,27,11.8,Electronics,Credit Card,44,0
658.55,25,11,5,11.2,Home,UPI,60,0
518.96,17,0,29,3.3,Clothing,Debit Card,29,0
4722.03,29,2,54,9.2,Books,Credit Card,85,0
4224.75,8,2,27,8.0,Clothing,UPI,63,1
1806.2,15,3,60,13.3,Electronics,UPI,76,1
772.45,27,3,12,10.7,Footwear,Credit Card,26,0
1488.81,46,13,54,19.2,Clothing,UPI,45,0
4890.29,7,1,45,15.9,Clothing,UPI,35,1
1270.41,3,0,35,17.2,Books,UPI,78,0
961.57,29,7,9,13.6,Electronics,COD,7,0
1384.78,44,7,9,16.7,Footwear,UPI,67,0
1472.91,24,2,4,6.3,Clothing,Debit Card,53,0
3031.04,3,1,28,15.5,Clothing,Credit Card,41,1
385.65,20,3,35,8.1,Clothing,UPI,4,0
2035.57,46,3,11,2.3,Electronics,Credit Card,2,0
1110.13,15,2,57,15.3,Electronics,Credit Card,35,1
1242.8,25,5,21,10.0,Books,Debit Card,33,0
3065.98,30,1,58,21.5,Footwear,COD,50,0
726.86,14,3,45,9.1,Home,UPI,13,0
2050.73,7,1,38,4.4,Electronics,Debit Card,7,0
2532.32,17,2,1,5.4,Electronics,UPI,39,0
2712.77,44,13,13,7.1,Footwear,UPI,49,0
2965.52,20,2,9,10.3,Home,UPI,3,0
2698.18,36,7,59,16.8,Clothing,Debit Card,17,1
2991.37,9,1,47,10.1,Clothing,UPI,25,0
975.98,38,1,2,3.2,Clothing,Credit Card,14,0
4703.07,48,19,58,10.4,Electronics,Debit Card,5,1
789.03,22,1,7,18.7,Home,Debit Card,71,0
2343.13,2,1,54,9.2,Clothing,COD,83,1
1122.57,24,10,59,11.5,Clothing,UPI,33,1
543.23,8,1,16,7.9,Footwear,Credit Card,85,0
1213.09,11,2,3,7.8,Electronics,COD,51,0
1664.18,13,1,20,17.3,Home,UPI,85,0
4773.51,17,3,29,14.4,Books,Debit Card,17,0
6462.5,8,1,18,35.7,Electronics,UPI,87,0
1651.19,21,1,14,5.8,Footwear,Debit Card,61,0
683.81,18,5,19,4.9,Clothing,Debit Card,31,0
724.67,30,6,57,2.4,Electronics,COD,15,0
3103.57,18,3,41,7.0,Footwear,Credit Card,40,1
2968.2,46,4,29,8.2,Footwear,Debit Card,65,0
1181.86,47,9,9,4.7,Footwear,UPI,20,0
794.76,31,9,22,11.7,Home,Credit Card,34,1
3621.31,38,11,23,14.6,Clothing,Credit Card,65,1
765.41,32,11,11,11.4,Footwear,Credit Card,32,0
1324.75,11,1,8,3.6,Home,Credit Card,22,0
2518.57,45,13,14,5.0,Electronics,COD,62,1
445.58,25,3,28,8.9,Books,UPI,45,0
3523.97,33,11,17,18.0,Clothing,UPI,11,1
9568.17,38,5,19,7.6,Home,COD,33,0
1958.08,41,3,0,1.1,Home,Credit Card,38,0
1764.71,8,1,2,7.0,Footwear,Credit Card,65,0
1865.02,11,4,7,8.5,Electronics,UPI,63,1
2116.24,22,2,38,23.0,Clothing,UPI,38,0
1084.66,24,1,30,1.1,Clothing,UPI,73,0
823.01,41,17,46,14.7,Footwear,UPI,13,1
1412.09,17,1,7,2.4,Clothing,Credit Card,48,0
2013.28,12,4,14,6.0,Footwear,Debit Card,24,1
898.85,46,15,58,11.1,Clothing,COD,36,0
704.42,32,2,21,16.0,Electronics,UPI,20,0
1328.37,15,3,31,5.0,Clothing,UPI,43,0
710.96,16,2,4,6.1,Footwear,Credit Card,57,0
2893.6,22,3,43,7.5,Home,UPI,65,0
300.0,28,18,43,4.8,Electronics,Debit Card,60,1
798.16,20,6,57,21.5,Clothing,Credit Card,43,1
4863.29,33,4,8,10.0,Books,COD,84,0
1548.12,10,4,52,13.9,Clothing,UPI,65,1
2056.48,40,11,40,7.6,Home,UPI,46,1
1652.02,32,7,14,7.5,Footwear,UPI,62,0
1165.47,33,0,46,17.0,Electronics,UPI,70,0
3891.83,2,0,60,8.5,Footwear,Debit Card,26,0
1211.6,33,5,51,12.4,Books,COD,29,1
1012.38,33,3,43,6.5,Books,UPI,41,0
2863.31,41,2,36,5.1,Footwear,UPI,15,0
468.04,13,4,32,9.7,Footwear,UPI,19,0
1480.6,30,4,21,4.3,Clothing,Credit Card,73,1
1257.31,33,14,50,2.1,Clothing,Credit Card,59,1
1461.31,13,3,10,6.5,Clothing,Debit Card,81,0
1284.51,26,4,57,24.9,Books,Debit Card,28,1
2350.92,22,5,49,12.1,Clothing,Credit Card,15,1
3904.09,39,9,5,5.7,Clothing,Credit Card,58,0
2493.73,2,1,16,12.4,Clothing,Debit Card,53,1
1428.19,38,5,45,18.7,Clothing,UPI,42,0
2812.99,39,6,43,4.7,Electronics,UPI,28,0
3053.41,26,5,56,12.4,Clothing,UPI,73,0
2327.73,46,12,4,6.4,Clothing,UPI,19,1
3767.08,15,2,38,20.1,Home,UPI,71,1
349.61,34,6,58,5.7,Footwear,UPI,89,0
1842.24,42,12,57,6.2,Clothing,UPI,77,1
2242.84,44,3,47,11.5,Footwear,Debit Card,2,0
641.07,49,16,56,4.2,Footwear,Credit Card,18,0
2110.2,40,8,8,4.0,Clothing,UPI,40,0
3430.51,11,1,28,19.6,Electronics,Debit Card,53,0
1545.79,3,0,22,17.1,Home,Debit Card,8,0
2862.86,6,2,46,14.2,Footwear,UPI,84,0
3699.41,9,1,35,5.0,Electronics,COD,9,1
4627.28,6,1,30,8.7,Clothing,UPI,77,0
4078.59,9,1,19,9.5,Home,Debit Card,21,0
4702.85,39,1,22,23.9,Footwear,COD,44,1
1274.51,31,5,55,8.2,Books,Debit Card,60,1
1375.96,32,1,6,4.7,Clothing,Debit Card,71,1
320.09,41,10,58,13.3,Electronics,COD,31,1
857.81,12,1,45,9.7,Home,UPI,87,0
4242.53,8,3,57,14.5,Clothing,UPI,13,1
1183.94,8,4,35,21.2,Clothing,Credit Card,45,1
2388.24,28,2,3,22.1,Electronics,COD,2,1
2139.89,20,1,23,5.5,Clothing,Credit Card,34,1
4309.08,47,9,59,6.5,Home,COD,69,0
439.54,7,1,13,0.9,Footwear,UPI,66,0
2314.25,11,1,24,4.6,Electronics,Debit Card,62,0
2288.05,20,7,6,8.0,Footwear,COD,47,0
991.82,16,1,14,19.9,Footwear,Credit Card,2,0
3541.03,4,0,43,7.8,Books,COD,84,1
679.04,6,2,45,16.0,Books,UPI,72,1
3809.2,22,2,12,5.3,Electronics,COD,87,1
399.82,26,5,18,3.4,Books,COD,37,0
959.64,3,0,11,8.5,Electronics,UPI,80,0
1639.39,41,7,47,10.6,Electronics,Credit Card,86,1
2105.61,42,23,25,4.7,Electronics,Credit Card,63,1
488.99,14,1,47,2.9,Electronics,UPI,56,0
3751.97,11,3,32,5.7,Home,UPI,46,1
3064.05,18,2,14,13.2,Footwear,UPI,63,0
6852.16,12,5,36,8.5,Footwear,Credit Card,8,0
2955.66,23,3,5,3.9,Books,Credit Card,55,1
1079.78,12,3,58,4.4,Clothing,COD,43,1
854.14,13,1,24,14.3,Electronics,UPI,90,1
1346.93,25,4,52,7.4,Footwear,Debit Card,23,1
8321.27,45,13,16,2.3,Books,UPI,16,1
1869.31,19,8,42,18.4,Books,Debit Card,85,1
1925.96,46,9,58,2.4,Clothing,COD,52,1
4748.68,36,7,35,16.7,Home,UPI,54,0
800.17,45,8,49,5.4,Home,UPI,84,1
2636.67,8,3,51,3.7,Electronics,Credit Card,76,1
2595.26,29,6,45,9.4,Footwear,UPI,37,0
3533.87,32,5,54,7.0,Electronics,Credit Card,90,1
3283.3,44,8,8,5.7,Clothing,UPI,67,0
1735.27,18,4,27,9.8,Books,UPI,18,0
686.65,6,1,34,2.7,Home,Debit Card,59,1
1217.54,18,2,2,9.0,Footwear,COD,1,0
3259.95,19,5,10,9.5,Home,Credit Card,19,1
6621.41,22,7,19,5.3,Electronics,UPI,13,0
768.12,37,6,22,0.2,Electronics,UPI,33,0
733.52,32,2,53,7.3,Clothing,COD,22,1
600.8,41,12,29,7.1,Home,COD,27,1
1056.87,3,1,36,6.6,Books,UPI,50,0
3509.72,28,4,35,1.6,Footwear,COD,77,1
4542.96,10,3,43,9.1,Books,COD,72,1
421.97,35,3,55,15.4,Home,UPI,53,0
777.73,29,8,11,6.8,Footwear,Debit Card,60,1
682.28,15,1,35,2.8,Footwear,Credit Card,50,0
984.99,33,2,34,11.4,Home,UPI,66,1
1547.44,7,0,54,21.5,Electronics,UPI,83,1
1368.96,12,1,33,3.8,Electronics,UPI,24,1
2590.67,49,10,3,4.0,Clothing,COD,69,1
469.35,30,3,23,18.7,Books,Debit Card,8,0
1255.93,21,7,35,7.3,Books,UPI,20,0
4705.47,31,2,57,1.5,Clothing,Credit Card,66,0
4832.69,24,4,27,26.0,Books,Credit Card,70,0
5798.31,20,5,38,0.5,Footwear,Credit Card,59,1
2381.0,37,10,1,1.2,Clothing,Debit Card,80,1
1143.03,4,1,42,3.0,Home,Credit Card,47,1
2043.47,28,4,4,13.6,Footwear,UPI,36,0
10608.42,44,19,27,14.4,Clothing,UPI,2,1
1247.14,20,3,12,2.4,Electronics,Credit Card,64,0
6522.32,24,2,35,4.1,Electronics,Debit Card,78,0
328.4,49,12,8,10.3,Footwear,Credit Card,38,0
2698.33,32,4,38,21.3,Electronics,Credit Card,26,0
2844.34,41,5,29,0.5,Home,Debit Card,20,0
2348.45,36,9,56,1.3,Footwear,Credit Card,4,1
2458.59,34,3,26,5.4,Clothing,COD,84,1
2607.77,36,1,60,2.0,Home,UPI,88,1
2694.57,2,0,12,18.0,Books,COD,65,0
1434.37,15,7,41,7.7,Clothing,UPI,89,1
1495.59,34,8,38,16.9,Footwear,Credit Card,14,1
697.45,36,3,49,10.4,Home,Credit Card,35,0
3019.19,6,1,27,13.2,Electronics,UPI,85,0
4498.92,39,12,17,4.6,Clothing,COD,52,1
6130.73,42,3,33,1.1,Footwear,UPI,23,0
1017.64,12,3,20,7.0,Footwear,Debit Card,20,0
540.85,3,1,0,15.5,Electronics,Debit Card,90,0
2352.93,45,12,44,25.5,Clothing,UPI,27,0
805.18,18,2,22,6.6,Footwear,COD,41,0
2697.92,40,5,33,13.6,Clothing,Credit Card,78,0
386.16,21,7,35,4.5,Home,COD,36,1
3870.14,15,3,8,5.8,Home,Debit Card,4,0
2012.83,33,5,7,7.6,Clothing,Credit Card,26,0
471.1,35,5,57,22.5,Clothing,UPI,40,0
2236.93,26,8,49,13.3,Home,Debit Card,80,1
1932.31,8,2,29,12.0,Footwear,UPI,84,1
2607.18,36,7,47,21.7,Books,Credit Card,88,0
3169.75,48,5,35,4.1,Clothing,UPI,74,1
333.15,30,0,35,6.5,Footwear,UPI,66,0
1300.05,23,4,17,12.0,Electronics,UPI,73,0
1698.8,42,2,1,5.1,Home,COD,82,0
1470.33,44,8,52,6.3,Clothing,Credit Card,3,1
1414.14,14,1,10,9.7,Home,Debit Card,64,0
3782.4,14,2,51,7.8,Clothing,COD,29,0
538.14,2,0,55,3.1,Electronics,Debit Card,54,1
1474.33,37,15,35,4.5,Clothing,UPI,7,1
1558.41,5,1,30,3.1,Electronics,Credit Card,25,0
1674.72,38,9,30,13.6,Clothing,COD,24,1
912.22,45,7,23,4.4,Clothing,UPI,43,0
8096.79,41,8,45,12.1,Clothing,Credit Card,6,1
3586.79,47,8,20,9.1,Electronics,Credit Card,15,1
8502.15,14,1,31,8.0,Home,UPI,79,1
2830.45,39,7,48,2.6,Home,COD,40,1
3082.81,25,3,29,9.0,Clothing,UPI,61,0
1802.5,20,2,56,11.2,Clothing,UPI,21,1
5400.02,2,1,7,13.7,Clothing,COD,58,1
2686.16,39,10,32,3.1,Clothing,Debit Card,32,0
1582.16,6,3,59,6.7,Clothing,UPI,12,1
6585.33,17,5,50,16.2,Electronics,UPI,9,1
726.35,25,6,50,15.0,Books,COD,20,1
1083.03,28,5,52,7.6,Home,UPI,15,1
12931.64,2,0,38,2.5,Clothing,Credit Card,77,0
2891.39,35,5,0,14.2,Home,UPI,8,0
300.0,37,6,32,8.1,Clothing,COD,21,0
3689.52,5,1,41,3.7,Electronics,Debit Card,45,0
883.44,1,0,12,6.9,Home,Credit Card,89,1
1209.52,40,2,21,2.6,Clothing,Debit Card,40,0
10782.27,12,5,4,14.1,Home,COD,6,1
5760.97,36,0,11,1.5,Footwear,COD,11,0
7322.29,45,14,59,17.0,Footwear,Debit Card,64,0
1181.91,23,3,28,9.9,Clothing,Debit Card,42,0
1474.72,47,20,2,2.6,Home,UPI,59,0
2107.1,31,4,60,6.4,Electronics,UPI,8,0
3320.52,11,2,50,5.9,Electronics,Debit Card,72,0
1423.13,10,1,35,3.9,Books,Debit Card,55,0
6733.57,3,0,46,9.2,Home,COD,39,0
2549.95,14,3,44,21.9,Home,UPI,51,1
5134.06,16,3,10,4.2,Clothing,Debit Card,55,0
1047.34,10,1,25,8.6,Clothing,Credit Card,76,0
1348.55,29,6,1,8.2,Footwear,Debit Card,3,0
2147.31,10,3,28,9.2,Clothing,UPI,43,0
1311.1,12,2,40,0.6,Home,Debit Card,45,0
3764.64,30,2,28,17.8,Home,UPI,80,0
3817.51,41,5,43,34.7,Books,Debit Card,16,0
1529.44,1,0,35,8.1,Footwear,Credit Card,5,0
2865.73,5,0,57,13.4,Clothing,Credit Card,40,1
7549.96,20,4,18,10.9,Home,Debit Card,76,0
3756.41,8,2,9,3.0,Home,COD,67,1
2853.78,43,12,10,7.6,Books,UPI,45,0
4477.06,12,2,6,4.5,Footwear,Debit Card,3,1
5863.92,1,0,12,7.0,Books,UPI,31,0
5231.95,20,3,40,8.4,Electronics,Debit Card,24,1
1719.2,28,4,43,8.8,Footwear,Credit Card,29,1
3400.23,43,6,60,4.2,Electronics,Credit Card,55,0
1467.56,37,4,1,8.9,Home,Debit Card,33,0
1740.43,47,5,29,7.2,Footwear,Credit Card,51,0
2528.72,37,8,21,16.9,Electronics,UPI,80,0
655.95,12,1,52,13.0,Footwear,COD,74,0
2340.34,37,13,0,14.8,Electronics,Credit Card,30,0
1114.31,49,8,26,15.6,Electronics,Credit Card,61,0
788.18,49,13,6,3.6,Electronics,Credit Card,60,0
3154.04,44,6,0,12.6,Clothing,COD,35,0
1506.36,28,8,57,3.4,Electronics,UPI,7,1
2109.05,47,8,24,20.1,Electronics,UPI,6,1
1532.32,15,1,47,12.4,Clothing,UPI,15,0
1174.21,6,0,3,3.2,Electronics,Credit Card,66,0
1963.14,44,8,29,9.1,Clothing,UPI,85,0
696.75,20,2,7,4.0,Footwear,Debit Card,17,0
1690.25,14,1,48,5.5,Footwear,UPI,19,0
7233.75,2,0,20,10.2,Books,Debit Card,14,0
780.84,9,5,50,5.0,Electronics,Debit Card,49,1
4906.47,37,9,3,6.6,Books,UPI,51,0
7791.26,20,2,59,15.8,Clothing,UPI,34,1
1043.3,26,9,3,7.0,Clothing,Debit Card,84,0
2274.07,29,9,7,3.6,Clothing,Debit Card,21,0
727.92,1,0,41,1.3,Electronics,Debit Card,48,0
655.53,35,7,25,13.1,Clothing,UPI,67,0
2032.49,6,0,28,12.9,Home,COD,58,1
2407.7,37,3,15,9.1,Books,Debit Card,78,0
1215.8,5,1,18,31.7,Books,UPI,21,0
819.18,33,6,0,6.3,Home,Credit Card,27,0
1044.46,49,15,36,17.0,Footwear,Debit Card,71,0
3373.7,14,1,33,4.6,Clothing,UPI,29,1
3389.87,12,3,28,13.6,Books,COD,9,1
2834.88,42,4,26,3.1,Home,Debit Card,79,0
1380.33,20,5,47,13.4,Electronics,UPI,44,0
851.59,24,3,44,6.6,Footwear,COD,28,1
4532.06,43,1,29,11.5,Clothing,Credit Card,38,1
5703.4,34,8,5,9.4,Footwear,Credit Card,15,1
1252.08,25,6,35,12.8,Books,Debit Card,15,0
1617.71,29,14,56,1.2,Footwear,Credit Card,30,1
647.46,39,7,38,7.2,Books,Credit Card,32,1
2627.42,31,1,1,16.4,Books,UPI,40,0
7731.44,47,16,54,17.9,Electronics,Credit Card,76,1
3500.08,43,7,41,11.1,Electronics,Credit Card,84,0
8504.91,23,3,13,16.8,Clothing,Credit Card,2,0
1375.72,44,12,7,6.9,Books,Credit Card,22,0
723.91,38,5,2,4.7,Clothing,Credit Card,26,0
5182.36,20,2,34,8.6,Footwear,Credit Card,40,0
2039.1,23,3,26,9.5,Clothing,Credit Card,8,0
967.64,45,4,33,10.7,Home,UPI,36,1
6705.11,16,6,27,8.1,Electronics,UPI,26,1
1182.93,42,5,30,8.2,Clothing,Credit Card,81,0
825.63,8,3,16,13.9,Clothing,UPI,7,0
2754.87,21,8,18,3.9,Footwear,UPI,1,0
726.89,1,0,41,9.4,Clothing,UPI,90,0
3698.36,8,1,43,11.2,Home,UPI,32,0
807.05,29,3,58,5.0,Clothing,UPI,78,1
2156.07,32,10,54,6.5,Footwear,UPI,83,0
2256.74,38,2,10,22.4,Books,UPI,9,0
2176.43,5,0,8,9.1,Footwear,UPI,59,0
734.08,47,4,29,37.9,Clothing,UPI,44,0
1577.87,22,7,56,8.6,Home,UPI,65,1
4729.2,47,21,44,14.5,Electronics,Debit Card,21,1
1569.62,34,7,5,2.1,Clothing,UPI,20,1
807.86,1,0,13,1.2,Clothing,Credit Card,49,0
1324.05,26,6,30,3.5,Electronics,UPI,33,0
749.34,43,15,53,15.7,Footwear,UPI,18,1
392.6,10,2,10,6.6,Footwear,Credit Card,41,0
1597.97,30,7,4,2.0,Clothing,Credit Card,17,0
1939.15,18,5,30,8.5,Clothing,UPI,13,1
2948.99,17,2,1,14.7,Clothing,UPI,43,0
2507.79,26,2,38,3.8,Clothing,UPI,73,1
2780.13,8,2,16,15.3,Clothing,Debit Card,65,0
1756.8,47,2,37,2.6,Clothing,UPI,23,0
8016.44,40,7,45,14.4,Footwear,UPI,40,0
1003.2,49,14,35,4.7,Footwear,Debit Card,34,1
1448.12,12,5,2,18.9,Clothing,UPI,36,1
5773.57,27,2,42,21.5,Books,UPI,50,1
1376.17,8,2,28,10.8,Clothing,UPI,78,1
1673.79,25,1,32,5.0,Home,UPI,85,0
2399.29,46,21,13,39.3,Electronics,UPI,85,1
4093.78,4,0,37,4.4,Footwear,COD,30,0
1997.0,33,9,28,23.5,Clothing,COD,40,1
973.97,1,0,22,29.2,Footwear,Credit Card,12,0
1356.88,19,2,58,11.1,Electronics,Credit Card,1,0
2638.6,31,6,16,3.1,Clothing,Credit Card,90,1
1470.6,16,3,58,10.4,Home,Credit Card,16,0
1303.61,14,3,48,32.3,Home,Debit Card,82,0
941.62,48,12,54,5.0,Clothing,Credit Card,50,1
4169.03,5,1,10,7.7,Clothing,UPI,43,0
1660.54,41,3,27,0.9,Electronics,UPI,87,0
1667.92,26,1,53,7.7,Electronics,COD,60,1
2910.04,28,17,6,13.2,Electronics,UPI,5,1
696.7,2,0,44,3.5,Clothing,COD,21,1
1861.97,6,0,39,22.9,Home,Debit Card,65,0
5186.04,9,4,7,2.3,Footwear,Credit Card,82,1
1729.03,33,7,40,5.1,Home,UPI,21,0
2108.35,41,13,28,20.1,Home,UPI,71,1
2075.63,25,2,24,7.3,Footwear,Credit Card,65,0
3800.7,48,10,6,26.2,Clothing,Debit Card,23,0
2081.53,13,3,56,1.3,Books,Debit Card,60,1
10178.26,9,3,21,6.2,Footwear,Credit Card,2,0
2125.78,13,9,8,10.6,Clothing,UPI,34,0
1332.71,31,17,10,31.5,Books,Debit Card,57,1
5210.14,41,2,33,9.2,Electronics,COD,16,1
1560.12,11,3,26,12.4,Footwear,COD,74,0
1188.3,4,0,49,8.1,Electronics,Credit Card,84,0
786.9,34,2,21,7.5,Home,UPI,48,0
2527.87,38,2,2,5.0,Home,UPI,25,0
1312.62,46,1,49,11.3,Footwear,Credit Card,68,0
1049.27,4,1,47,6.6,Footwear,Debit Card,32,0
1216.74,38,5,39,13.0,Home,Credit Card,45,0
1402.03,19,5,54,9.1,Clothing,Credit Card,40,1
3238.61,6,1,7,6.1,Books,Debit Card,13,1
2536.33,34,12,5,23.1,Clothing,UPI,5,0
1634.06,18,5,56,4.6,Books,COD,17,1
2677.36,13,1,24,5.2,Footwear,UPI,71,0
1678.34,41,15,1,0.7,Clothing,UPI,10,0
2089.33,23,4,15,6.9,Electronics,Debit Card,59,1
1133.59,19,3,57,21.9,Clothing,COD,35,1
1140.94,45,5,52,22.3,Books,Debit Card,23,0
2010.11,11,3,40,5.6,Clothing,Debit Card,56,1
2013.27,1,0,50,12.2,Clothing,COD,16,0
3669.56,24,1,20,14.2,Clothing,Credit Card,52,0
2564.52,7,0,14,2.1,Clothing,Debit Card,27,1
1281.31,25,2,55,18.4,Clothing,UPI,15,0
738.0,21,3,33,2.6,Clothing,UPI,62,0
3353.68,15,2,46,6.0,Books,Credit Card,6,1
2280.55,1,0,53,3.2,Footwear,Debit Card,24,0
3563.35,12,7,42,10.6,Home,UPI,87,1
2492.73,7,3,19,4.1,Footwear,Credit Card,5,0
6396.29,15,5,43,5.0,Clothing,COD,71,1
1553.92,21,1,30,16.0,Books,Credit Card,86,0
1861.22,19,9,14,5.5,Electronics,COD,53,0
3144.25,29,3,47,8.2,Clothing,COD,31,1
3308.04,25,1,27,2.5,Clothing,Credit Card,35,0
2273.25,33,11,5,1.8,Footwear,UPI,19,1
593.62,49,18,2,9.5,Clothing,UPI,34,1
524.49,32,9,37,5.3,Home,Credit Card,83,1
1380.0,49,5,22,25.7,Books,Debit Card,82,0
1835.86,35,7,57,33.6,Home,UPI,1,1
489.02,44,14,2,2.7,Clothing,Debit Card,41,1
1770.71,38,4,52,1.8,Footwear,Debit Card,53,0
2852.16,26,2,44,26.1,Books,UPI,80,0
1734.65,11,3,43,11.6,Clothing,Debit Card,64,1
2222.95,35,3,7,9.3,Electronics,UPI,40,0
2728.4,8,3,1,2.1,Electronics,UPI,62,0
589.4,46,9,6,31.9,Clothing,UPI,55,0
2854.94,14,5,60,4.0,Home,UPI,11,1
1081.96,10,3,16,14.5,Footwear,Debit Card,52,1
1530.46,2,0,6,14.0,Clothing,Credit Card,26,0
1138.24,46,9,32,1.7,Home,Credit Card,74,0
3834.22,9,2,35,4.7,Footwear,Debit Card,87,1
795.77,3,0,46,2.3,Footwear,Debit Card,48,0
4754.95,21,8,3,1.0,Clothing,Credit Card,45,0
9645.81,26,5,43,6.9,Clothing,Debit Card,33,0
610.46,8,2,15,2.6,Clothing,Credit Card,64,1
1199.62,48,11,20,4.0,Home,Debit Card,78,0
2775.85,2,0,17,2.0,Home,Debit Card,9,0
901.97,6,0,45,6.2,Clothing,UPI,78,1
1494.71,28,4,45,25.5,Electronics,Credit Card,2,1
2044.92,29,8,27,10.4,Home,Debit Card,75,1
1097.76,26,2,42,5.2,Clothing,Debit Card,14,1
1914.84,25,3,59,7.8,Clothing,UPI,36,1
3512.61,12,1,15,9.8,Electronics,UPI,35,1
1711.59,5,1,46,10.0,Electronics,Credit Card,64,1
873.88,34,7,21,6.4,Clothing,UPI,25,0
4086.4,48,3,5,4.4,Clothing,UPI,9,0
4780.61,37,1,29,14.5,Footwear,UPI,77,1
2340.23,15,2,55,2.9,Books,UPI,43,0
909.36,44,5,44,14.6,Clothing,UPI,10,0
978.08,36,3,57,5.6,Clothing,Debit Card,57,1
344.5,15,3,27,18.5,Clothing,UPI,33,0
1194.53,43,10,16,3.3,Clothing,Credit Card,9,1
3811.99,48,2,35,3.3,Footwear,Credit Card,54,0
1120.15,23,0,11,8.5,Clothing,Debit Card,13,0
925.97,6,1,49,4.0,Electronics,UPI,24,1
3699.74,46,19,58,26.2,Home,UPI,62,1
4047.67,44,2,39,4.5,Home,COD,40,0
1242.29,43,7,11,3.6,Clothing,Debit Card,59,0
2582.76,45,8,35,11.2,Electronics,Credit Card,56,0
984.93,21,4,39,0.6,Footwear,UPI,64,0
1422.48,23,1,28,27.4,Clothing,UPI,60,0
505.69,43,5,1,12.8,Clothing,UPI,81,1
2326.39,16,3,28,9.9,Home,UPI,23,0
1682.37,47,12,29,4.2,Clothing,UPI,27,0
1129.64,15,4,35,7.3,Home,UPI,61,0
1695.24,25,3,43,4.7,Footwear,UPI,44,0
1555.36,36,11,24,5.5,Clothing,Debit Card,57,0
1013.26,11,1,20,15.5,Footwear,Debit Card,43,0
2389.85,15,4,21,10.7,Footwear,UPI,62,0
1467.68,4,1,9,6.0,Clothing,COD,26,0
1645.84,21,3,30,1.5,Electronics,Debit Card,88,0
650.37,13,4,46,34.9,Footwear,UPI,75,0
1655.85,22,5,59,15.6,Footwear,UPI,64,1
1594.74,19,8,8,4.6,Clothing,UPI,69,1
1014.42,34,4,40,9.3,Electronics,Debit Card,24,0
2623.02,14,2,38,3.7,Books,UPI,73,0
413.45,4,0,58,4.4,Footwear,UPI,74,0
1290.08,48,2,33,4.1,Footwear,Credit Card,11,1
2246.14,46,9,38,8.8,Footwear,Debit Card,67,1
7855.4,27,4,40,4.2,Clothing,UPI,89,1
695.08,29,4,49,8.5,Books,Credit Card,53,0
1923.76,47,3,22,20.2,Electronics,UPI,43,0
2653.23,28,8,11,2.8,Home,Credit Card,27,0
1890.02,35,5,6,2.8,Clothing,UPI,1,0
763.08,8,3,31,23.3,Books,Credit Card,49,1
1288.75,16,1,18,13.1,Home,Credit Card,48,0
327.29,42,6,21,8.1,Footwear,UPI,80,0
1812.94,36,9,55,1.9,Books,UPI,79,1
671.07,30,10,15,1.6,Books,UPI,53,0
2487.32,18,4,57,3.6,Electronics,UPI,11,0
1144.36,2,1,7,9.0,Electronics,UPI,9,1
1071.42,49,25,29,16.5,Footwear,UPI,61,1
2031.61,13,4,50,8.8,Books,UPI,88,0
2169.34,4,1,5,9.2,Clothing,UPI,22,0
3327.24,26,12,1,18.0,Electronics,COD,71,1
1505.75,25,3,33,11.2,Footwear,COD,44,1
1679.0,30,5,28,5.1,Electronics,UPI,30,0
685.11,11,4,39,7.7,Footwear,Credit Card,60,1
4983.46,7,1,58,16.8,Clothing,COD,55,0
940.01,31,7,41,9.8,Footwear,Credit Card,39,0
3003.05,44,2,52,24.7,Books,Debit Card,41,0
3018.55,10,1,52,4.3,Clothing,Debit Card,9,1
2392.11,39,10,42,3.1,Electronics,COD,1,1
1531.23,13,2,51,10.4,Footwear,UPI,3,1
1402.6,31,6,58,8.6,Clothing,UPI,69,1
1728.74,7,3,57,2.8,Home,UPI,11,0
476.89,49,15,19,4.7,Clothing,Credit Card,4,1
1775.31,42,2,55,20.3,Home,Credit Card,33,0
5115.48,42,5,2,11.5,Books,UPI,33,0
1543.65,36,7,58,5.0,Clothing,UPI,45,1
1767.08,20,9,47,3.5,Books,Debit Card,20,1
882.82,4,1,34,6.0,Electronics,UPI,37,1
2059.01,7,1,7,16.2,Footwear,Credit Card,84,0
1048.82,1,0,50,8.4,Electronics,Debit Card,21,1
3277.71,44,1,11,7.5,Clothing,Credit Card,58,0
4019.57,45,30,49,16.8,Footwear,UPI,51,1
4683.11,42,5,44,2.9,Electronics,COD,71,1
658.21,47,5,42,4.1,Electronics,UPI,16,0
2998.59,13,4,31,8.9,Clothing,Debit Card,36,1
2843.79,22,5,28,7.5,Footwear,Debit Card,50,0
1352.15,21,1,44,6.3,Electronics,Credit Card,75,0
4166.68,22,8,20,17.4,Clothing,Credit Card,48,1
2416.59,28,3,58,1.1,Footwear,UPI,29,1
4727.64,9,1,2,3.2,Clothing,Debit Card,42,1
744.47,26,12,37,12.3,Electronics,UPI,59,0
1096.81,9,0,26,5.5,Footwear,Credit Card,55,0
1930.64,15,3,54,32.3,Footwear,UPI,74,0
4108.5,10,2,2,17.9,Footwear,COD,67,0
2485.82,24,1,56,5.6,Footwear,COD,22,0
930.91,42,5,57,12.1,Clothing,Debit Card,84,1
6269.42,8,1,0,11.6,Footwear,Credit Card,2,0
1471.01,24,4,45,21.7,Electronics,UPI,8,1
952.0,16,3,54,6.5,Clothing,Credit Card,41,1
1050.93,49,3,19,4.9,Electronics,Debit Card,89,0
711.54,26,8,6,11.0,Home,Credit Card,11,0
374.99,27,11,56,6.5,Footwear,Credit Card,24,0
1666.34,37,3,40,13.1,Books,Debit Card,26,0
608.98,4,0,0,20.0,Books,UPI,35,1
2251.99,24,3,9,3.6,Books,COD,5,1
3601.11,19,4,44,4.5,Electronics,Credit Card,15,1
2353.44,36,7,11,18.8,Footwear,UPI,14,0
1864.58,39,13,3,8.0,Clothing,Debit Card,37,0
614.86,10,1,6,8.3,Footwear,COD,18,1
3268.98,25,9,9,16.6,Clothing,Credit Card,76,1
7062.79,18,5,21,7.3,Electronics,Credit Card,67,0
4845.42,19,2,24,14.5,Home,Debit Card,46,0
712.39,36,12,28,3.8,Books,COD,68,0
1712.01,10,2,38,5.8,Footwear,COD,57,1
1483.4,33,3,14,22.4,Clothing,UPI,40,1
1368.37,5,1,18,8.1,Books,Credit Card,90,1
1842.64,47,7,38,3.7,Clothing,Debit Card,85,0
8230.13,49,24,57,3.5,Books,Credit Card,45,0
1949.15,35,3,45,7.5,Books,Credit Card,16,0
1324.72,44,9,52,14.9,Footwear,Credit Card,62,0
2227.27,34,4,45,0.5,Footwear,UPI,23,1
721.03,33,5,17,5.2,Home,UPI,88,0
1095.26,21,1,41,11.7,Footwear,UPI,73,0
3606.03,17,1,2,9.6,Electronics,Credit Card,83,0
2062.84,22,1,5,10.9,Footwear,UPI,51,0
7873.13,48,10,60,4.2,Electronics,COD,1,1
2180.65,37,7,21,8.8,Home,UPI,77,0
755.91,15,3,54,17.1,Footwear,UPI,45,1
596.13,35,7,53,5.6,Clothing,COD,4,1
3645.15,28,8,40,8.5,Home,Credit Card,55,1
872.12,7,0,45,11.5,Clothing,UPI,89,0
819.11,32,1,52,4.3,Clothing,COD,10,0
1260.81,11,2,30,2.5,Electronics,Debit Card,87,1
3631.43,10,1,20,5.2,Clothing,Credit Card,30,0
1397.71,9,1,55,12.0,Electronics,COD,14,1
1003.12,14,4,7,4.4,Clothing,UPI,30,1
4225.21,13,2,0,3.0,Clothing,UPI,5,0
3749.45,25,7,2,13.4,Electronics,Debit Card,15,0
5807.74,2,1,28,3.6,Clothing,UPI,17,1
4656.09,35,7,53,31.1,Footwear,COD,48,1
3794.25,7,3,5,16.6,Footwear,UPI,76,0
1068.63,21,2,32,22.5,Clothing,UPI,25,0
2867.86,18,2,17,9.1,Books,Credit Card,19,0
4231.22,3,0,41,4.3,Electronics,Debit Card,59,1
6628.0,42,4,54,17.4,Footwear,UPI,53,0
2038.13,39,6,48,2.7,Books,UPI,87,0
1281.3,41,16,57,1.2,Electronics,COD,39,0
973.7,49,3,52,10.9,Clothing,COD,5,0
3588.9,11,2,0,2.2,Footwear,UPI,40,0
1133.75,39,13,21,7.5,Electronics,Credit Card,85,1
1949.0,24,5,30,7.1,Clothing,Credit Card,58,1
976.34,46,6,22,14.5,Home,COD,78,1
1617.69,19,2,7,2.6,Footwear,Credit Card,6,0
2458.46,4,1,28,1.9,Clothing,Debit Card,19,1
2183.04,26,3,43,6.7,Home,COD,68,1
3030.75,38,6,50,0.3,Home,Credit Card,24,0
691.0,42,7,45,10.3,Clothing,UPI,90,1
1666.4,32,7,18,9.6,Clothing,Credit Card,19,0
1300.96,39,2,58,9.7,Footwear,COD,59,1
909.01,45,6,48,6.6,Clothing,Credit Card,61,0
1069.92,46,2,59,26.6,Footwear,COD,32,1
966.95,36,3,15,11.1,Clothing,COD,45,1
2309.88,40,6,18,13.4,Clothing,UPI,35,0
2392.51,37,8,36,4.8,Clothing,Credit Card,54,1
3337.37,33,7,21,6.8,Books,Debit Card,2,1
2274.79,36,1,18,3.7,Home,UPI,74,0
2020.63,3,1,3,8.8,Footwear,Credit Card,45,1
1910.7,9,1,4,3.8,Footwear,UPI,33,0
2901.43,8,2,4,13.7,Electronics,Debit Card,23,0
413.72,33,3,24,7.8,Footwear,COD,36,0
1734.73,6,1,23,0.1,Clothing,UPI,69,0
2257.56,41,15,0,3.5,Footwear,Debit Card,85,0
6328.01,39,7,49,21.0,Home,Credit Card,80,0
830.39,4,0,27,22.1,Electronics,Debit Card,71,0
810.13,13,1,46,12.2,Footwear,Debit Card,9,0
368.83,49,7,20,6.8,Footwear,UPI,88,0
682.97,2,0,59,19.1,Clothing,UPI,49,1
1626.34,5,0,18,7.2,Footwear,UPI,26,0
1089.18,44,6,22,18.4,Footwear,COD,27,0
1073.02,27,11,13,8.8,Home,Credit Card,41,0
1837.3,32,3,58,6.2,Electronics,COD,83,1
2717.9,21,0,5,13.7,Clothing,Credit Card,72,0
1823.94,8,1,31,3.1,Books,Credit Card,6,0
1842.15,38,6,49,3.8,Footwear,Debit Card,83,1
2398.33,8,1,31,2.0,Footwear,Debit Card,87,0
501.25,3,1,7,11.2,Clothing,UPI,66,1
1978.9,44,13,36,7.5,Electronics,UPI,61,0
1715.65,3,0,21,44.5,Books,UPI,67,0
1799.08,22,4,7,11.5,Electronics,Debit Card,66,0
1201.3,6,0,60,6.1,Books,Debit Card,77,1
1565.83,2,0,37,7.1,Electronics,UPI,43,0
2396.71,23,9,9,9.6,Electronics,UPI,25,1
5576.59,44,5,2,4.8,Clothing,Credit Card,62,1
553.38,2,0,12,0.5,Footwear,Credit Card,13,0
2697.95,38,8,38,2.1,Home,Credit Card,83,0
4240.79,17,6,29,5.4,Books,COD,24,1
742.93,35,2,3,1.5,Clothing,Debit Card,59,0
1594.65,34,3,44,8.0,Electronics,UPI,77,1
2193.04,23,5,5,16.4,Footwear,UPI,38,1
7378.03,30,16,15,3.8,Home,UPI,8,1
8277.77,8,2,21,5.5,Clothing,UPI,58,1
742.86,22,8,26,7.0,Electronics,Debit Card,30,1
1463.28,44,21,20,6.2,Clothing,UPI,19,1
2079.0,36,8,28,8.0,Footwear,Credit Card,30,1
2669.16,5,1,0,0.8,Clothing,Credit Card,55,1
2080.91,13,2,29,17.7,Home,UPI,46,0
931.06,29,9,23,6.6,Clothing,UPI,38,0
902.69,31,3,12,3.5,Home,Debit Card,17,0
614.69,47,4,29,10.0,Electronics,COD,80,0
439.48,16,5,25,15.9,Clothing,UPI,59,0
604.96,42,5,33,2.9,Footwear,Credit Card,37,1
4076.79,30,6,19,10.3,Home,Credit Card,55,0
2972.61,16,4,60,19.7,Clothing,Debit Card,6,1
2663.23,12,1,59,19.8,Books,Debit Card,66,0
1547.04,17,1,50,13.9,Home,COD,69,1
1756.27,16,0,5,4.9,Clothing,UPI,42,0
1498.04,12,1,42,3.1,Home,UPI,83,1
595.35,8,4,48,3.8,Footwear,Debit Card,65,1
2845.18,20,2,8,19.5,Home,Debit Card,89,0
3284.19,3,0,36,12.2,Books,UPI,80,0
808.17,16,10,36,14.3,Home,Credit Card,10,1
807.65,30,2,15,7.6,Clothing,UPI,40,1
2312.85,45,1,3,1.0,Home,COD,52,1
2298.62,23,4,31,10.2,Footwear,Debit Card,24,0
3019.58,28,6,19,3.5,Footwear,UPI,59,0
4863.44,40,14,28,16.8,Clothing,Credit Card,21,1
862.18,5,0,30,3.8,Books,Credit Card,52,0
1707.19,20,2,44,9.3,Footwear,UPI,79,0
897.52,40,13,16,12.5,Footwear,COD,5,0
943.93,44,8,40,45.3,Clothing,UPI,36,1
1338.28,1,0,24,7.4,Home,Credit Card,22,0
4955.48,30,4,44,7.6,Clothing,Credit Card,8,1
3918.14,21,2,15,16.9,Home,Debit Card,52,0
1715.78,20,5,19,6.7,Electronics,UPI,1,0
399.71,6,1,41,5.6,Home,Credit Card,84,1
2380.21,22,1,9,4.4,Clothing,UPI,28,1
2342.02,18,3,51,8.4,Footwear,Debit Card,31,1
940.57,8,3,59,5.0,Footwear,UPI,53,1
3234.04,39,5,47,20.6,Electronics,Debit Card,24,0
927.99,32,6,22,13.9,Clothing,Credit Card,45,1
3227.35,33,8,51,8.9,Books,UPI,7,0
2140.4,16,1,32,8.3,Home,UPI,2,0
650.75,12,4,42,4.2,Clothing,UPI,73,1
1403.84,38,5,12,7.5,Books,COD,63,0
2000.71,34,12,24,6.9,Home,Credit Card,83,1
2230.79,14,3,49,27.2,Clothing,COD,41,1
3726.5,36,14,36,6.6,Footwear,UPI,89,1
4066.11,33,13,35,11.5,Clothing,UPI,23,1
1529.91,23,2,23,12.0,Electronics,COD,50,1
2674.52,45,10,5,3.4,Home,Debit Card,74,0
5572.26,2,1,14,6.5,Electronics,Debit Card,87,1
886.19,41,11,54,13.6,Clothing,COD,33,1
1181.37,21,0,33,3.0,Home,COD,43,1
567.59,2,0,3,31.7,Books,UPI,83,0
1162.12,27,6,13,8.8,Electronics,UPI,55,0
2088.18,9,2,3,5.0,Clothing,UPI,51,0
411.04,1,0,27,2.4,Footwear,Debit Card,37,0
2455.12,11,1,28,23.3,Home,UPI,63,0
1299.01,3,2,17,6.8,Books,Credit Card,67,1
1730.44,23,5,57,11.3,Electronics,COD,45,1
797.75,26,2,19,2.8,Footwear,Debit Card,71,0
1683.14,4,2,47,4.4,Electronics,UPI,49,1
5857.28,18,6,40,16.2,Home,Credit Card,1,0
1366.68,6,1,31,22.8,Electronics,UPI,54,0
384.12,35,2,7,3.7,Books,Credit Card,36,0
4228.66,22,1,42,11.1,Electronics,UPI,65,0
2643.12,43,10,45,11.0,Home,UPI,41,1
1931.07,15,4,48,16.2,Clothing,Debit Card,50,1
2690.91,22,5,12,11.8,Footwear,COD,49,1
1915.55,37,16,39,13.3,Footwear,COD,83,1
5711.78,42,8,45,0.9,Clothing,UPI,47,0
3060.7,12,1,42,10.7,Clothing,Debit Card,10,1
1313.57,47,23,8,2.4,Electronics,Debit Card,44,1
5137.74,49,5,39,10.0,Electronics,Debit Card,44,1
6463.91,42,9,45,17.8,Clothing,Debit Card,4,1
3419.52,38,9,46,9.5,Footwear,COD,64,0
2403.91,18,3,57,13.6,Home,UPI,20,1
994.39,45,9,32,15.7,Home,Debit Card,54,1
2921.82,35,7,55,14.6,Electronics,Debit Card,79,1
2372.31,30,2,11,10.0,Clothing,UPI,41,0
1774.44,24,3,36,10.6,Home,UPI,30,0
2949.79,42,4,24,17.3,Clothing,UPI,71,0
1921.65,30,3,45,35.4,Electronics,COD,41,0
2654.86,14,1,24,4.1,Clothing,COD,82,0
3733.42,6,4,53,5.5,Clothing,Credit Card,8,1
712.11,3,1,15,14.8,Electronics,Credit Card,85,1
882.47,16,2,50,28.0,Home,UPI,71,0
954.75,7,1,59,1.9,Clothing,Debit Card,69,1
7030.45,14,0,15,2.4,Books,UPI,32,1
2817.01,9,2,38,8.5,Books,Credit Card,80,1
3006.81,15,3,34,15.5,Home,COD,40,1
3986.25,21,11,22,8.6,Clothing,Credit Card,62,0
869.0,35,6,7,9.5,Clothing,Credit Card,90,0
434.07,2,0,52,3.7,Clothing,UPI,27,0
1730.21,27,3,52,8.0,Clothing,UPI,39,0
3389.03,2,1,45,4.9,Books,Debit Card,33,1
1574.49,35,10,51,10.4,Electronics,UPI,66,1
693.01,18,1,2,6.9,Home,UPI,79,0
959.43,14,0,59,4.0,Footwear,UPI,71,0
791.97,20,6,23,23.6,Home,Credit Card,84,1
1177.73,18,4,42,13.5,Footwear,UPI,13,1
803.06,10,1,21,10.5,Footwear,Credit Card,29,0
2003.69,25,7,13,4.4,Books,Credit Card,68,0
1232.37,2,0,21,13.4,Electronics,UPI,83,0
2816.93,25,6,33,3.4,Electronics,UPI,10,1
912.75,33,4,35,4.2,Clothing,Debit Card,76,0
2161.9,36,14,30,8.0,Clothing,Credit Card,58,1
1761.08,31,8,20,9.1,Electronics,UPI,86,0
2385.63,14,2,58,5.6,Electronics,Credit Card,27,1
2632.53,1,0,57,1.9,Electronics,UPI,58,1
2837.14,46,14,4,6.4,Home,UPI,81,0
3234.18,16,5,18,21.8,Clothing,Credit Card,70,1
2642.83,46,16,41,1.2,Home,UPI,45,1
2227.21,3,1,52,12.0,Clothing,Credit Card,50,1
1133.76,35,1,20,7.0,Home,UPI,48,0
3279.73,41,19,1,2.5,Clothing,UPI,43,1
1110.07,6,1,52,19.8,Footwear,UPI,14,0
1473.89,25,4,2,4.7,Clothing,UPI,44,1
989.15,13,1,46,24.8,Electronics,COD,28,1
974.83,34,14,50,9.5,Books,UPI,61,1
1448.23,8,2,52,10.4,Home,COD,38,0
1535.91,21,13,56,6.7,Clothing,COD,71,1
1023.02,34,3,29,16.9,Books,Credit Card,75,0
1836.05,4,0,33,7.3,Clothing,Debit Card,33,1
2017.74,25,5,24,17.6,Clothing,COD,67,1
1234.7,15,4,34,10.5,Home,UPI,22,0
8979.93,4,1,28,6.6,Clothing,UPI,13,0
2282.19,45,7,11,1.5,Clothing,UPI,6,0
1964.09,12,2,22,20.9,Clothing,Credit Card,64,1
1126.46,32,6,27,9.2,Clothing,UPI,54,0
1991.19,32,3,45,5.0,Electronics,COD,43,1
2140.0,28,8,16,13.8,Electronics,Credit Card,55,0
1803.65,13,2,15,10.5,Books,COD,28,0
4880.76,31,14,48,10.5,Clothing,UPI,58,1
549.48,14,1,55,41.6,Electronics,Debit Card,15,0
1385.39,20,2,8,4.3,Home,Credit Card,24,0
2980.02,18,3,2,14.2,Clothing,UPI,90,0
965.2,29,4,21,20.6,Electronics,COD,62,1
612.37,6,2,30,6.9,Books,Credit Card,65,0
1257.37,32,5,13,4.1,Books,UPI,26,0
3754.67,29,3,2,6.8,Electronics,COD,61,1
981.35,43,10,37,10.4,Books,Credit Card,87,1
1408.81,2,0,22,18.5,Books,UPI,1,0
2428.52,23,5,20,4.5,Footwear,UPI,82,0
1205.31,19,6,50,6.8,Footwear,Credit Card,81,1
1328.8,31,14,23,14.1,Clothing,Credit Card,46,0
1145.46,5,0,31,15.9,Electronics,Credit Card,1,1
1215.07,19,6,44,17.0,Footwear,Debit Card,51,1
801.07,34,2,4,2.1,Home,UPI,36,0
1510.06,10,1,32,31.2,Footwear,UPI,69,0
3808.4,25,2,43,5.7,Electronics,Debit Card,69,1
5475.1,2,0,46,30.5,Clothing,Debit Card,66,0
4336.71,11,2,56,34.1,Footwear,UPI,75,0
1990.99,31,8,18,1.7,Footwear,UPI,30,1
5774.43,15,1,33,13.8,Electronics,COD,8,0
9063.42,9,4,2,6.3,Footwear,COD,2,1
2052.67,23,2,38,8.6,Home,Debit Card,25,0
903.8,19,0,27,15.9,Electronics,UPI,19,0
4529.45,9,0,10,3.3,Clothing,Credit Card,71,0
778.65,35,2,59,6.0,Clothing,UPI,14,1
972.09,21,7,9,13.4,Books,Debit Card,4,0
420.83,9,3,39,11.0,Clothing,Debit Card,46,0
3008.48,28,5,1,15.8,Footwear,Credit Card,33,0
357.52,46,10,45,5.8,Home,UPI,37,0
3622.78,7,2,44,3.1,Clothing,Debit Card,30,1
6416.38,16,4,38,33.4,Electronics,Debit Card,84,1
6059.87,16,3,26,4.3,Footwear,Credit Card,78,0
745.4,33,10,52,3.6,Footwear,Debit Card,27,1
490.49,4,0,8,4.6,Clothing,UPI,13,0
1153.16,4,0,38,9.7,Electronics,Debit Card,71,1
3345.71,39,8,0,10.3,Footwear,Credit Card,82,0
4199.21,40,6,32,2.2,Home,UPI,38,1
2878.86,17,2,37,3.9,Electronics,Debit Card,52,0
2616.53,37,9,56,17.2,Footwear,Credit Card,73,1
9439.93,39,5,32,6.5,Books,Credit Card,87,0
1293.84,29,4,47,10.7,Electronics,UPI,66,1
1048.82,36,9,2,4.1,Footwear,UPI,40,1
786.51,38,5,31,12.5,Footwear,COD,38,0
2448.12,39,1,12,3.9,Clothing,Credit Card,41,0
1594.5,37,8,20,2.8,Home,UPI,5,0
3221.12,35,4,3,1.1,Books,COD,64,0
1318.98,7,1,16,8.3,Home,UPI,56,0
2807.77,27,4,41,12.9,Clothing,Credit Card,87,1
1382.02,28,4,3,13.2,Home,UPI,49,0
1613.41,22,2,19,9.4,Clothing,COD,59,1
1724.01,14,4,58,17.0,Clothing,UPI,39,1
549.93,7,0,11,2.4,Electronics,Debit Card,80,0
1639.28,37,3,25,2.6,Books,Credit Card,55,0
2679.81,22,2,44,3.6,Clothing,UPI,75,0
905.35,5,1,35,6.1,Books,UPI,78,0
6884.9,2,0,15,8.0,Electronics,UPI,64,0
1814.24,27,5,50,18.1,Home,COD,3,0
1165.89,21,3,6,6.5,Electronics,Debit Card,8,1
1141.3,38,12,32,13.8,Electronics,COD,79,0
4719.03,15,5,47,12.0,Books,UPI,73,1
1014.99,21,7,1,18.0,Electronics,UPI,16,0
2227.57,10,1,32,11.4,Clothing,Credit Card,26,0
3354.73,23,2,13,18.9,Books,Credit Card,32,0
2664.98,39,8,19,1.1,Home,Debit Card,82,0
1219.41,5,0,36,6.6,Clothing,Debit Card,8,0
3253.4,1,0,26,1.6,Footwear,COD,60,0
2016.35,13,1,46,3.6,Footwear,UPI,74,0
542.42,21,2,41,3.4,Electronics,Debit Card,12,1
4256.86,26,9,20,18.8,Clothing,Credit Card,76,1
1176.72,45,8,1,7.0,Clothing,Credit Card,59,0
1598.91,21,1,42,31.1,Clothing,Credit Card,59,0
2245.37,18,8,15,6.5,Clothing,COD,74,0
1245.98,37,8,18,1.5,Clothing,Credit Card,34,1
3071.24,45,3,3,6.1,Clothing,UPI,30,0
834.9,32,3,9,11.5,Clothing,Credit Card,44,1
1209.47,36,12,53,10.0,Clothing,COD,38,1
4264.18,17,4,21,8.3,Electronics,Debit Card,25,1
1840.32,35,6,11,10.6,Home,UPI,24,0
862.84,49,6,1,15.8,Books,Debit Card,61,0
1910.48,11,4,1,0.6,Clothing,UPI,9,1
2395.05,21,1,40,9.1,Electronics,UPI,89,0
595.73,26,1,43,3.3,Home,Credit Card,84,0
5756.01,4,0,33,12.7,Books,Credit Card,48,0
6327.01,34,2,17,3.8,Electronics,UPI,81,0
1966.48,48,10,15,3.9,Electronics,Debit Card,52,0
1571.75,18,6,18,2.3,Electronics,Debit Card,70,0
1837.32,40,16,46,8.6,Footwear,Credit Card,64,1
3378.33,35,2,24,1.5,Books,UPI,36,0
2482.02,41,9,29,2.3,Home,UPI,20,0
2137.64,29,5,47,8.7,Footwear,UPI,90,0
4758.23,29,6,5,6.7,Home,UPI,50,0
3990.44,38,11,26,6.6,Clothing,COD,12,1
923.4,42,6,14,1.0,Footwear,Credit Card,7,0
3364.98,21,8,30,8.8,Clothing,UPI,40,0
4048.63,42,13,43,9.3,Clothing,UPI,86,1
2196.85,13,2,21,16.8,Clothing,COD,42,1
2749.91,49,12,11,11.9,Footwear,Credit Card,86,0
1457.96,41,2,9,3.2,Home,Credit Card,88,0
778.14,17,1,20,3.2,Footwear,Credit Card,67,0
6775.68,9,1,46,17.7,Electronics,UPI,50,1
707.95,41,7,54,15.8,Electronics,COD,41,1
5865.72,1,0,58,7.4,Clothing,UPI,24,0
1727.32,2,0,30,13.1,Clothing,Debit Card,90,0
4329.5,48,7,35,14.6,Clothing,UPI,69,0
1837.28,29,2,9,1.9,Electronics,Credit Card,13,0
3484.88,33,6,57,2.7,Home,COD,86,1
2475.5,10,1,18,5.7,Home,Debit Card,34,0
1131.65,40,9,22,17.9,Clothing,UPI,3,1
1986.01,21,5,45,25.0,Footwear,Credit Card,88,1
1635.9,28,7,9,9.3,Electronics,UPI,73,0
2835.82,11,2,48,3.0,Clothing,COD,3,1
1996.36,34,11,53,3.5,Books,Debit Card,86,1
2209.03,8,1,60,6.0,Footwear,UPI,24,1
881.73,22,3,58,5.9,Electronics,UPI,74,0
739.01,8,1,26,3.4,Home,UPI,35,0
1899.68,49,8,42,6.6,Footwear,Debit Card,20,1
2053.06,15,1,49,1.2,Clothing,Credit Card,44,1
866.02,17,11,1,6.9,Footwear,UPI,76,0
2697.52,23,3,10,4.1,Electronics,COD,48,0
2780.9,24,1,7,4.0,Footwear,UPI,43,0
2016.85,45,5,18,11.2,Footwear,UPI,76,0
1828.07,19,2,56,11.6,Books,UPI,81,1
744.53,5,1,15,5.6,Electronics,UPI,68,1
735.84,32,4,3,2.7,Clothing,Credit Card,72,0
2383.43,44,5,13,8.7,Books,Credit Card,71,0
1012.71,1,0,21,5.5,Clothing,UPI,55,0
1063.76,23,2,16,13.6,Home,UPI,82,0
2197.67,37,8,42,11.0,Electronics,UPI,26,0
7527.79,8,2,57,12.3,Electronics,UPI,31,0
1368.94,13,3,25,0.7,Clothing,UPI,54,0
7596.74,8,1,34,22.5,Home,UPI,56,0
1714.06,23,3,35,9.0,Electronics,UPI,56,0
2683.02,43,15,52,1.0,Clothing,Debit Card,53,0
3539.71,1,0,44,6.2,Electronics,UPI,72,1
3724.78,45,8,48,7.6,Clothing,Debit Card,61,0
2292.38,24,5,29,18.8,Footwear,UPI,34,1
1539.51,35,8,51,11.7,Clothing,Debit Card,46,1
3228.09,24,9,20,9.9,Clothing,Debit Card,80,0
2432.82,17,1,19,7.8,Clothing,Credit Card,84,0
1332.61,5,1,41,6.7,Home,UPI,74,0
4848.19,20,4,25,1.8,Electronics,UPI,50,1
2490.35,21,8,54,9.2,Clothing,Debit Card,69,1
1070.16,40,9,55,3.4,Clothing,Credit Card,11,1
986.03,31,6,11,4.4,Clothing,UPI,86,1
7124.12,46,12,7,12.1,Home,COD,75,0
1280.71,36,5,34,4.2,Books,Credit Card,18,0
3062.73,11,2,28,1.1,Clothing,Debit Card,82,0
2353.83,15,2,52,6.4,Footwear,UPI,31,1
2990.71,19,7,41,0.9,Footwear,UPI,84,1
6893.05,7,1,55,8.2,Home,Credit Card,62,0
3634.12,28,7,6,12.9,Books,Credit Card,23,1
3245.55,43,15,56,6.8,Clothing,UPI,53,1
1575.28,5,1,60,1.5,Books,Credit Card,62,1
1135.47,5,1,9,14.1,Books,Debit Card,74,0
9834.25,30,1,38,19.7,Footwear,UPI,17,0
1755.86,32,9,49,6.2,Footwear,Debit Card,41,0
1677.93,8,3,19,4.4,Footwear,UPI,8,0
2213.11,10,2,27,1.8,Clothing,Credit Card,31,0
2067.34,38,7,13,8.5,Footwear,UPI,49,0
5513.44,47,9,11,17.4,Footwear,Debit Card,57,0
2637.86,32,3,7,1.8,Electronics,UPI,48,0
722.74,48,5,56,0.8,Books,Debit Card,53,1
1139.4,28,9,6,6.4,Books,Credit Card,62,0
1821.65,17,3,4,1.9,Electronics,Credit Card,90,1
3706.89,31,6,0,7.6,Home,COD,50,1
623.72,8,0,46,9.5,Clothing,UPI,55,1
2554.77,40,5,8,9.9,Footwear,Credit Card,9,0
3016.7,25,1,43,11.9,Clothing,UPI,32,0
3353.15,9,1,53,22.4,Footwear,COD,87,1
1709.47,2,0,17,14.0,Clothing,Debit Card,57,0
3768.63,15,3,42,14.8,Books,Debit Card,5,1
1021.97,3,0,41,2.3,Footwear,UPI,65,0
3504.65,49,16,9,8.1,Clothing,UPI,50,0
1731.68,36,3,49,18.2,Footwear,UPI,63,1
1863.14,4,0,57,4.8,Books,Credit Card,58,0
1848.7,14,4,0,13.6,Electronics,UPI,57,0
2850.03,41,9,59,26.3,Clothing,UPI,9,0
834.34,41,24,19,3.3,Books,Credit Card,26,1
3360.02,25,3,57,1.8,Home,Debit Card,63,0
3326.26,10,1,42,10.1,Books,UPI,66,0
1464.05,21,1,28,7.2,Electronics,COD,34,0
1811.17,36,6,1,21.1,Books,UPI,81,0
990.68,12,2,25,2.8,Home,UPI,6,0
802.5,27,1,10,17.6,Home,Debit Card,62,0
2075.98,40,8,24,6.9,Footwear,Credit Card,85,0
2085.39,2,0,33,4.2,Electronics,COD,75,0
1428.04,13,2,58,8.2,Footwear,Credit Card,41,0
753.82,32,6,40,5.7,Clothing,COD,54,0
2489.76,31,6,0,7.8,Footwear,UPI,36,0
1404.01,16,1,54,17.0,Home,Credit Card,84,1
1070.05,32,4,30,27.9,Footwear,COD,84,0
4416.72,32,6,37,7.3,Clothing,UPI,2,0
913.6,34,9,21,10.7,Footwear,UPI,27,1
2679.38,11,2,1,15.4,Electronics,UPI,18,0
632.91,10,2,46,10.5,Electronics,COD,77,1
661.59,15,1,0,4.5,Clothing,Credit Card,82,1
2534.81,17,7,57,9.5,Home,Credit Card,11,1
1428.96,40,19,55,7.2,Home,Debit Card,78,1
797.76,18,1,23,1.0,Footwear,Debit Card,44,0
3515.56,9,1,49,0.2,Books,Credit Card,4,1
2344.72,25,13,35,9.5,Electronics,COD,77,1
407.68,40,6,60,3.7,Books,Credit Card,83,1
3538.93,14,4,44,15.6,Books,Debit Card,43,0
858.58,25,6,35,4.3,Footwear,UPI,39,0
547.01,22,4,46,5.0,Electronics,UPI,59,1
1018.01,30,12,33,13.1,Clothing,COD,25,1
1755.9,20,4,58,6.0,Electronics,UPI,79,1
1908.67,21,3,8,3.6,Footwear,UPI,84,0
575.7,44,8,11,11.4,Electronics,Debit Card,81,0
672.38,32,5,45,35.0,Clothing,Credit Card,55,0
1061.42,46,14,19,4.2,Clothing,UPI,65,1
1109.97,49,3,3,14.2,Electronics,Debit Card,83,0
3081.77,21,2,14,12.5,Clothing,Credit Card,25,0
1353.81,35,5,3,30.6,Electronics,COD,37,1
3040.69,32,8,4,18.1,Home,Credit Card,75,0
3893.55,30,4,9,7.7,Clothing,Credit Card,80,0
2667.69,39,11,43,11.2,Footwear,UPI,82,0
300.0,49,8,43,1.4,Footwear,UPI,54,0
1461.46,12,6,39,21.1,Electronics,UPI,73,1
1609.35,41,9,35,2.3,Clothing,UPI,28,1
1740.46,47,19,34,11.1,Footwear,COD,52,0
420.93,18,5,58,11.0,Books,COD,64,1
1059.06,21,2,0,12.5,Clothing,Credit Card,38,0
696.75,13,1,17,3.5,Footwear,UPI,44,1
945.21,21,3,51,7.7,Home,UPI,87,1
1508.57,8,2,56,13.4,Home,UPI,62,1
1075.9,46,6,30,12.6,Books,COD,86,0
995.15,40,2,45,29.2,Clothing,Credit Card,68,1
1574.07,46,20,48,20.1,Electronics,Debit Card,88,1
1281.07,7,0,5,7.1,Home,Credit Card,38,0
2079.29,23,4,5,6.9,Electronics,Credit Card,50,0
1347.63,44,7,41,4.1,Clothing,Credit Card,61,0
603.46,32,1,18,12.7,Footwear,UPI,28,0
878.52,11,3,31,1.5,Footwear,Credit Card,70,0
1437.07,22,3,41,1.7,Home,COD,31,0
1321.36,22,1,56,11.8,Electronics,Credit Card,57,0
672.2,43,23,29,16.7,Books,Credit Card,10,1
2903.31,25,9,25,4.6,Electronics,Credit Card,12,0
2249.71,22,4,2,13.6,Electronics,UPI,7,0
1187.31,28,13,32,22.6,Footwear,Credit Card,88,1
1612.3,29,2,49,15.9,Books,UPI,28,0
853.79,13,2,30,10.6,Footwear,COD,75,0
3285.08,18,3,46,11.6,Footwear,UPI,20,0
7694.42,2,1,19,13.1,Footwear,Credit Card,65,0
1151.46,29,6,3,9.0,Electronics,UPI,27,0
4258.84,21,3,31,5.8,Footwear,UPI,16,0
989.74,15,1,17,9.3,Clothing,Debit Card,36,0
1245.92,27,5,9,5.5,Books,COD,70,0
4932.41,31,2,21,16.1,Electronics,Debit Card,10,0
1662.56,15,1,53,9.0,Clothing,UPI,44,0
2924.53,23,5,50,4.1,Footwear,Credit Card,19,1
1497.24,24,3,16,7.0,Clothing,UPI,74,1
511.88,44,5,41,4.4,Clothing,Credit Card,90,0
9285.3,13,5,56,23.2,Clothing,UPI,65,1
1553.49,22,4,3,15.6,Electronics,Debit Card,74,0
2016.83,43,3,56,6.2,Home,UPI,62,0
1082.72,37,5,36,5.3,Clothing,UPI,33,1
3121.57,33,16,6,6.1,Footwear,COD,90,1
2964.94,3,1,50,2.4,Footwear,COD,37,1
607.85,19,11,50,9.4,Footwear,UPI,13,0
2038.09,23,5,7,2.8,Home,UPI,88,0
3340.82,29,7,0,8.2,Footwear,Debit Card,37,0
4189.37,30,4,55,15.4,Clothing,Credit Card,19,1
2842.71,39,10,7,22.0,Footwear,COD,66,0
3023.09,44,4,18,5.5,Clothing,UPI,30,1
1238.84,47,2,16,5.2,Footwear,UPI,86,0
764.84,25,7,40,2.1,Clothing,UPI,32,1
1454.46,37,14,51,13.0,Electronics,Credit Card,33,0
752.77,47,4,54,8.3,Home,Debit Card,40,0
1077.8,8,1,47,4.5,Clothing,Debit Card,15,1
1066.58,42,9,8,5.0,Books,COD,70,1
935.9,16,7,50,17.6,Clothing,UPI,80,1
2624.38,8,0,15,0.7,Books,Debit Card,85,0
889.88,1,0,52,19.9,Clothing,Debit Card,38,1
6534.86,44,12,57,4.0,Electronics,Debit Card,8,1
3613.4,5,1,58,14.3,Electronics,Credit Card,76,0
4157.4,3,0,44,3.0,Electronics,Credit Card,39,0
1116.09,1,0,50,11.0,Electronics,Credit Card,60,1
2080.18,4,1,36,7.1,Clothing,Credit Card,60,1
871.29,40,4,26,19.6,Clothing,UPI,56,1
2105.16,35,2,1,6.9,Electronics,Debit Card,18,1
524.58,32,4,35,21.0,Clothing,Debit Card,48,1
3803.24,42,8,11,6.0,Clothing,UPI,21,0
1151.22,34,6,49,13.7,Footwear,Credit Card,56,0
2234.99,43,13,34,15.8,Electronics,Credit Card,12,1
2545.12,25,2,30,6.7,Books,Debit Card,6,1
1226.87,10,2,52,8.5,Footwear,Debit Card,31,1
1034.03,21,10,56,2.3,Footwear,Credit Card,71,1
1662.13,46,2,18,10.3,Electronics,Debit Card,61,0
3171.87,39,7,25,14.3,Footwear,UPI,68,0
1631.26,27,5,53,22.5,Clothing,UPI,57,0
2757.47,27,4,35,15.2,Books,UPI,61,0
3152.23,2,0,3,9.5,Books,UPI,17,0
1580.16,41,6,47,6.5,Footwear,Debit Card,29,0
1670.91,48,20,42,7.9,Home,COD,67,0
1992.54,13,4,60,6.9,Footwear,UPI,59,0
4022.6,9,4,30,16.5,Electronics,COD,88,1
1421.83,36,12,57,19.9,Home,Credit Card,3,1
4009.51,22,4,57,6.8,Electronics,UPI,27,0
2161.57,42,14,12,12.1,Footwear,UPI,1,1
1079.63,26,4,52,7.5,Electronics,Debit Card,79,0
1755.67,12,0,42,1.7,Clothing,Debit Card,78,0
825.14,17,4,38,2.8,Footwear,UPI,4,0
704.72,14,6,58,4.2,Clothing,UPI,4,1
2765.0,14,4,45,7.5,Footwear,COD,89,0
3160.35,34,11,3,9.8,Footwear,UPI,75,0
1766.73,20,4,39,22.7,Books,Debit Card,33,1
1869.41,11,4,43,8.7,Clothing,UPI,11,1
1207.45,16,4,12,9.0,Home,Credit Card,76,0
2036.35,31,14,56,14.3,Home,Credit Card,79,1
7237.53,6,1,40,3.0,Clothing,Credit Card,57,1
3665.75,19,7,8,9.9,Home,UPI,26,0
1714.3,37,13,1,13.4,Clothing,UPI,88,0
1612.87,4,1,34,6.1,Electronics,Debit Card,26,0
1389.26,47,23,52,8.1,Electronics,UPI,54,1
673.34,4,1,11,6.7,Home,Credit Card,27,0
1289.44,20,1,16,6.1,Electronics,Debit Card,54,0
2898.54,10,1,3,9.4,Electronics,Debit Card,2,0
941.61,24,2,58,16.6,Clothing,UPI,87,0
1486.17,35,13,13,11.7,Clothing,Debit Card,9,1
826.56,26,7,20,19.1,Footwear,Credit Card,72,1
3133.2,37,9,40,6.0,Electronics,UPI,64,1
741.55,38,6,7,12.3,Electronics,UPI,65,0
2737.7,21,7,32,10.3,Clothing,UPI,21,1
3714.68,40,6,44,16.4,Footwear,Credit Card,26,0
1441.78,39,5,27,12.8,Home,Debit Card,15,0
1117.84,21,3,2,18.5,Footwear,COD,43,1
2521.43,10,1,13,5.0,Books,Debit Card,89,0
5550.8,38,8,18,23.1,Clothing,Credit Card,39,0
4624.73,46,9,58,6.0,Footwear,COD,16,1
1717.06,4,1,5,5.5,Footwear,Credit Card,35,1
974.35,45,4,35,12.0,Home,Credit Card,23,0
1536.92,20,4,19,1.1,Books,COD,12,1
553.94,17,2,0,8.1,Clothing,UPI,56,1
1225.38,7,2,59,4.6,Clothing,UPI,52,1
2478.43,4,2,9,3.5,Books,Debit Card,19,1
1397.73,29,4,12,4.5,Electronics,COD,62,0
1187.6,14,2,11,5.9,Electronics,UPI,8,0
1739.16,3,0,10,4.5,Clothing,Debit Card,87,0
1497.35,24,3,35,3.3,Clothing,Credit Card,11,1
3068.2,37,8,16,6.0,Clothing,Debit Card,43,0
714.28,16,2,46,2.6,Books,UPI,69,0
2613.71,4,1,52,12.2,Clothing,COD,37,1
1750.58,24,4,28,5.5,Home,COD,25,0
2450.37,34,7,2,3.5,Clothing,Credit Card,88,0
683.77,30,2,28,13.6,Clothing,COD,24,1
3354.75,18,5,9,12.3,Clothing,COD,34,1
2644.21,19,1,52,4.1,Footwear,Credit Card,82,0
5832.76,31,7,45,27.3,Clothing,COD,12,1
1009.37,19,3,18,24.8,Home,COD,42,1
1200.53,49,15,52,14.1,Footwear,UPI,79,0
518.57,46,9,3,18.6,Clothing,UPI,12,0
1015.85,19,4,56,3.3,Electronics,UPI,29,0
4934.53,22,3,45,11.4,Electronics,Credit Card,20,0
2222.85,24,7,37,7.7,Footwear,UPI,79,0
1087.41,45,8,11,11.6,Home,UPI,3,0
1984.58,12,1,30,13.0,Footwear,COD,80,0
1731.8,30,6,57,13.1,Clothing,Debit Card,61,1
475.14,38,9,1,4.4,Books,COD,83,1
539.31,31,3,48,35.7,Electronics,COD,71,1
3923.51,36,4,0,8.7,Clothing,UPI,22,0
3027.91,19,4,16,3.0,Footwear,Debit Card,79,0
639.59,48,3,24,15.5,Clothing,UPI,73,0
1654.4,45,4,4,4.7,Books,Credit Card,17,0
1095.54,36,4,47,8.6,Clothing,UPI,2,0
3874.56,30,3,13,6.6,Electronics,UPI,7,0
2473.27,49,12,51,11.7,Electronics,UPI,14,0
834.45,33,7,9,18.4,Footwear,Credit Card,4,1
1966.81,18,2,20,10.0,Footwear,COD,45,1
1756.75,49,21,24,5.8,Books,UPI,63,1
1760.12,28,7,34,25.4,Footwear,Credit Card,10,1
1265.11,47,6,2,20.7,Footwear,Debit Card,45,0
1839.74,11,2,59,36.2,Clothing,Credit Card,86,1
996.71,45,3,17,5.4,Electronics,COD,88,0
787.24,33,8,55,3.3,Footwear,UPI,44,0
755.53,17,4,54,2.0,Books,UPI,55,0
867.51,6,1,49,6.7,Footwear,UPI,18,1
2429.88,4,1,35,10.6,Clothing,Credit Card,11,0
2476.57,20,6,38,4.4,Footwear,UPI,54,1
5025.94,48,17,32,3.2,Clothing,UPI,1,0
1540.82,47,16,47,11.8,Electronics,Debit Card,53,0
2954.21,27,1,16,18.0,Home,UPI,80,0
1868.6,15,1,39,0.9,Footwear,Credit Card,78,0
2229.92,6,1,5,0.9,Clothing,COD,33,1
3183.88,47,11,33,8.5,Footwear,Credit Card,7,0
2717.41,14,4,25,13.2,Clothing,Credit Card,83,0
1950.63,11,2,41,3.7,Clothing,UPI,25,1
1176.73,39,5,30,2.2,Footwear,Credit Card,69,1
2193.07,9,2,48,16.9,Clothing,Debit Card,49,0
4698.56,26,4,50,8.4,Home,Debit Card,74,0
2044.14,16,2,27,4.0,Footwear,Credit Card,4,0
1370.95,5,0,35,26.5,Books,Debit Card,24,0
3213.06,10,1,12,13.8,Home,UPI,46,1
685.68,3,1,20,7.7,Clothing,UPI,70,0
1405.34,13,2,58,16.0,Electronics,Debit Card,12,1
910.01,43,7,25,1.9,Home,UPI,62,0
1660.64,49,20,50,6.0,Clothing,COD,84,1
4326.59,30,7,30,5.0,Footwear,Credit Card,90,0
2831.65,45,4,15,6.7,Electronics,Credit Card,76,1
489.03,6,0,30,20.8,Footwear,Debit Card,62,0
1172.51,17,4,12,23.6,Clothing,Debit Card,62,1
633.12,45,4,29,9.9,Clothing,Debit Card,76,0
3792.58,19,1,31,5.2,Books,Debit Card,58,0
1202.64,42,7,4,2.9,Clothing,Credit Card,38,0
1906.69,35,5,11,21.7,Footwear,COD,68,0
1972.05,46,15,38,12.2,Footwear,COD,17,1
2088.29,26,5,58,4.5,Electronics,UPI,10,1
300.0,5,1,40,4.9,Home,Debit Card,83,0
2328.06,29,1,36,9.6,Clothing,COD,43,0
1231.61,37,15,3,1.8,Home,Credit Card,33,1
3268.42,20,6,41,7.2,Footwear,Credit Card,37,1
2083.77,49,26,47,4.3,Clothing,Debit Card,28,1
2813.51,21,7,42,16.3,Clothing,UPI,46,1
1086.03,10,2,28,9.3,Home,UPI,2,0
820.37,5,1,40,5.4,Footwear,Debit Card,46,1
3371.94,36,11,55,3.9,Footwear,Credit Card,38,1
2682.17,6,2,4,25.6,Electronics,UPI,38,0
2112.34,26,1,56,22.5,Home,Credit Card,21,1
2110.21,4,1,10,0.3,Clothing,UPI,23,1
2427.07,39,2,29,23.7,Footwear,COD,33,1
731.74,39,7,8,3.5,Electronics,Credit Card,90,0
3838.73,35,11,48,10.8,Clothing,Credit Card,43,1
1623.21,1,0,27,9.7,Footwear,UPI,68,0
1655.94,24,1,21,3.0,Clothing,Debit Card,70,0
1349.27,36,7,10,14.6,Books,COD,64,1
320.96,6,0,20,4.0,Footwear,Debit Card,84,0
2704.41,41,4,5,9.6,Books,Credit Card,64,0
898.86,46,9,25,30.8,Clothing,Debit Card,37,0
1950.11,44,8,15,6.9,Electronics,UPI,79,0
1018.26,31,3,50,8.0,Footwear,UPI,23,1
1421.59,20,5,13,7.7,Clothing,Credit Card,73,0
1367.3,24,5,34,4.6,Clothing,UPI,34,0
1001.91,25,2,41,1.3,Footwear,UPI,34,0
1543.6,36,9,52,6.9,Home,Credit Card,27,0
1291.25,21,4,54,2.2,Electronics,Credit Card,80,1
872.77,30,9,35,13.3,Home,COD,4,1
4109.31,24,8,21,7.0,Clothing,UPI,81,1
1031.73,44,8,52,22.6,Footwear,COD,76,1
2679.68,42,12,1,5.9,Clothing,UPI,69,0
2886.4,30,6,12,8.1,Clothing,Credit Card,63,0
3452.15,22,3,10,8.4,Home,UPI,78,0
1234.18,28,8,11,17.4,Home,Credit Card,14,0
1573.22,7,2,32,7.9,Clothing,COD,66,1
1607.62,35,6,21,6.2,Footwear,Debit Card,28,0
2615.08,28,9,52,5.3,Clothing,UPI,21,0
1525.9,14,3,8,4.8,Home,Credit Card,79,0
2492.24,10,1,43,2.5,Footwear,Credit Card,87,1
1511.63,16,3,6,5.8,Home,UPI,10,1
3952.24,16,2,16,6.7,Clothing,COD,26,0
1793.24,31,8,60,17.4,Clothing,UPI,35,0
1648.36,42,6,9,16.9,Clothing,Credit Card,34,1
2293.09,25,6,37,5.5,Clothing,UPI,2,0
5680.82,13,3,58,2.3,Clothing,UPI,43,1
1183.66,6,1,38,3.8,Clothing,COD,44,0
3742.83,44,7,50,9.9,Home,UPI,44,0
1020.13,9,0,45,4.3,Electronics,UPI,43,0
1864.37,45,7,24,8.5,Books,Debit Card,52,0
1036.55,36,5,26,1.2,Electronics,UPI,5,1
1394.21,43,23,29,19.1,Books,Credit Card,19,0
1124.41,20,8,29,7.6,Books,Credit Card,30,1
2947.62,18,3,42,6.6,Clothing,COD,49,0
1276.57,43,8,33,13.3,Books,Debit Card,63,0
2620.56,21,2,32,6.0,Books,COD,81,0
1250.4,4,1,31,1.4,Electronics,Debit Card,29,0
1801.05,33,5,57,7.1,Books,UPI,76,0
5015.65,27,15,41,7.6,Electronics,UPI,72,0
1072.94,7,1,11,9.3,Electronics,Debit Card,79,1
1087.28,6,2,40,26.9,Footwear,Credit Card,53,1
1521.81,15,4,22,12.0,Electronics,UPI,28,1
1785.93,18,2,57,8.6,Electronics,COD,85,1
2792.14,32,10,28,14.1,Books,UPI,53,1
1863.27,11,3,42,1.5,Books,Credit Card,17,0
2146.59,20,6,0,18.2,Home,Debit Card,82,1
805.91,24,6,19,13.3,Footwear,Debit Card,24,0
2232.99,15,4,9,19.1,Books,UPI,88,1
2275.17,48,6,60,6.0,Electronics,Credit Card,76,1
2893.2,7,2,18,10.6,Books,UPI,65,0
1436.77,21,6,58,6.3,Clothing,Credit Card,36,1
1799.54,42,6,22,25.7,Books,Credit Card,32,0
2964.46,26,8,20,6.6,Footwear,COD,69,0
861.74,44,6,56,3.3,Books,UPI,26,0
514.66,14,3,42,3.9,Books,Debit Card,56,0
831.92,37,4,34,9.4,Books,Debit Card,67,0
1155.72,21,2,58,12.9,Footwear,Debit Card,33,0
3830.25,18,3,47,3.9,Home,UPI,39,0
7483.65,5,1,31,12.3,Home,UPI,84,0
956.6,3,0,53,18.1,Electronics,Debit Card,58,0
1704.57,23,6,9,16.5,Footwear,COD,12,0
1250.38,26,2,1,12.2,Electronics,Credit Card,84,0
2532.18,37,8,50,13.1,Books,COD,81,1
2199.37,24,6,35,11.3,Electronics,Credit Card,43,1
978.86,49,8,47,1.7,Books,COD,72,0
1170.52,19,6,5,14.8,Clothing,UPI,13,0
1635.8,25,5,42,5.8,Electronics,Debit Card,73,1
4277.73,21,4,16,17.5,Books,Debit Card,83,0
1144.07,12,3,14,4.8,Electronics,Debit Card,90,0
610.36,41,9,53,6.4,Clothing,Debit Card,5,1
4501.27,33,6,35,10.0,Home,UPI,45,0
2560.88,4,0,23,31.8,Clothing,Credit Card,89,1
801.09,42,9,56,10.4,Footwear,UPI,5,1
2240.47,7,0,39,10.4,Home,UPI,23,0
3191.25,22,3,55,3.4,Books,UPI,35,1
1930.67,33,3,60,2.7,Electronics,UPI,54,1
4692.89,17,4,28,5.6,Electronics,Debit Card,49,0
2667.05,24,3,49,12.9,Footwear,Debit Card,70,0
2239.14,34,6,13,10.4,Clothing,UPI,78,0
2085.41,28,2,57,8.2,Clothing,Debit Card,37,1
1988.48,43,5,1,6.0,Clothing,UPI,22,0
3343.08,41,3,47,14.8,Footwear,UPI,84,0
1628.3,39,18,21,22.3,Books,Debit Card,8,1
3514.57,22,2,46,14.1,Electronics,UPI,57,0
2249.26,49,5,52,19.3,Clothing,Credit Card,71,1
1946.71,17,6,5,7.6,Footwear,UPI,60,0
1457.35,34,8,8,13.0,Electronics,Credit Card,55,0
1466.92,6,2,11,27.4,Footwear,UPI,34,0
2260.44,46,6,41,19.2,Clothing,UPI,41,0
3674.5,6,1,38,24.6,Clothing,UPI,28,1
2573.65,34,5,4,19.6,Clothing,Debit Card,31,1
1096.49,1,0,57,22.9,Clothing,UPI,21,1
590.37,10,3,54,5.9,Home,UPI,74,1
3034.59,21,3,39,4.7,Books,UPI,51,0
11826.26,5,2,58,7.4,Footwear,Credit Card,36,1
1490.55,2,1,43,6.4,Footwear,UPI,77,0
1306.98,22,4,0,5.3,Electronics,UPI,26,0
3211.1,48,26,9,23.0,Home,COD,19,1
989.68,2,0,10,2.8,Footwear,UPI,6,0
5153.02,10,1,26,19.4,Electronics,Credit Card,48,0
2412.98,34,9,22,13.7,Electronics,COD,15,1
1774.67,16,3,19,0.1,Clothing,UPI,49,1
1051.65,48,1,4,6.1,Electronics,Debit Card,18,0
3352.46,39,7,12,5.5,Footwear,UPI,84,0
1324.86,22,6,49,4.4,Books,COD,65,1
2970.4,12,2,9,4.3,Home,COD,22,0
2390.75,24,9,52,4.9,Clothing,UPI,60,0
4464.88,47,5,56,4.5,Clothing,UPI,36,0
2020.87,40,16,48,6.1,Clothing,Credit Card,82,1
16017.6,38,6,50,4.8,Footwear,COD,10,1
2666.39,10,3,35,5.4,Clothing,UPI,20,1
2002.98,35,5,40,30.2,Clothing,COD,70,1
1377.01,49,27,49,12.7,Footwear,Debit Card,61,1
3339.81,32,4,15,21.1,Clothing,UPI,59,1
1398.81,7,2,6,2.9,Electronics,Debit Card,22,0
1051.59,21,4,31,5.2,Electronics,UPI,68,0
1302.34,20,10,24,4.1,Clothing,Credit Card,4,1
1580.49,26,3,43,32.1,Footwear,UPI,83,0
8732.87,4,1,25,16.1,Clothing,Credit Card,29,0
2218.82,46,22,35,7.7,Electronics,Credit Card,58,0
1138.31,22,4,52,17.9,Clothing,Credit Card,58,0
3874.44,15,3,27,7.5,Electronics,Debit Card,54,1
2063.08,40,6,43,7.7,Books,Debit Card,28,1
4475.33,21,0,11,4.8,Clothing,COD,77,1
6892.78,15,1,25,6.8,Electronics,Debit Card,39,0
636.36,22,6,3,8.2,Footwear,Debit Card,57,0
342.9,28,4,43,3.9,Clothing,UPI,64,1
7288.32,14,1,22,19.8,Footwear,UPI,30,0
1117.53,27,18,39,18.7,Electronics,UPI,86,1
550.62,41,3,23,5.3,Books,Credit Card,50,0
1252.12,40,6,30,1.3,Books,Debit Card,54,0
918.44,28,0,29,7.4,Footwear,Debit Card,23,0
1052.83,26,2,2,7.7,Home,COD,18,1
3291.24,49,11,15,16.3,Clothing,UPI,81,1
1405.88,2,0,33,9.3,Books,Credit Card,54,0
582.59,25,6,37,1.7,Clothing,COD,28,0
1849.7,3,1,27,7.2,Clothing,Credit Card,8,1
996.44,8,1,48,9.6,Electronics,Credit Card,32,1
1518.47,44,3,43,5.0,Clothing,COD,6,1
1580.55,33,7,40,17.1,Footwear,Credit Card,72,0
3267.69,42,8,47,17.0,Clothing,Debit Card,86,0
1269.31,35,8,6,8.9,Footwear,COD,40,0
2946.72,6,3,7,19.5,Clothing,Credit Card,51,1
591.95,39,20,6,0.9,Books,UPI,47,1
3391.87,23,4,52,11.2,Footwear,Debit Card,70,0
4488.4,25,3,36,11.7,Footwear,Debit Card,68,0
1538.92,43,4,54,6.4,Footwear,UPI,7,0
1019.42,19,6,6,1.0,Books,Credit Card,27,0
850.38,5,0,49,6.9,Electronics,Credit Card,66,1
1776.07,11,3,17,5.6,Electronics,Debit Card,54,0
4235.47,12,2,47,22.0,Home,UPI,14,0
1342.05,10,1,38,14.1,Home,Credit Card,22,1
3936.35,8,2,20,8.7,Clothing,Credit Card,69,0
807.57,24,4,33,7.8,Clothing,Credit Card,56,0
1413.64,28,4,48,23.0,Clothing,COD,82,1
1753.7,41,4,56,1.2,Clothing,COD,60,1
2103.75,36,10,26,1.3,Books,UPI,51,0
1432.34,37,6,7,30.2,Clothing,UPI,16,0
4327.09,21,3,33,6.8,Footwear,UPI,6,0
4374.91,8,1,17,2.7,Home,Credit Card,1,1
1599.79,9,2,50,1.3,Electronics,Debit Card,12,0
1255.96,47,15,51,23.5,Electronics,Credit Card,24,1
1187.62,15,2,40,3.7,Clothing,UPI,75,1
3729.67,48,9,11,3.2,Footwear,UPI,43,1
1135.11,46,17,21,10.8,Clothing,UPI,34,1
650.04,40,7,50,14.9,Electronics,Credit Card,57,0
721.61,18,2,39,10.5,Clothing,Debit Card,21,1
2883.85,42,7,21,10.5,Electronics,UPI,40,0
695.23,20,5,7,4.1,Clothing,UPI,33,0
1367.52,6,1,41,10.9,Clothing,Debit Card,33,1
1942.07,12,2,27,20.7,Electronics,COD,28,0
556.98,2,1,49,11.5,Home,UPI,65,0
2054.1,7,2,46,4.6,Clothing,Credit Card,76,0
1440.58,16,0,55,15.4,Footwear,UPI,46,0
475.75,3,1,31,4.8,Footwear,UPI,33,0
2072.8,45,5,10,8.9,Books,Debit Card,69,1
2385.25,3,0,20,9.2,Electronics,UPI,66,1
2057.56,27,5,25,30.5,Clothing,Credit Card,36,1
2573.49,43,10,13,11.8,Books,COD,88,1
2166.1,40,20,14,3.6,Home,Debit Card,54,0
3014.25,38,3,13,3.3,Electronics,Credit Card,50,0
932.53,33,7,11,9.2,Electronics,UPI,51,1
680.09,28,8,35,22.6,Books,UPI,52,1
801.97,1,0,2,0.9,Electronics,Debit Card,21,0
1024.02,8,3,43,9.3,Books,UPI,30,1
7445.53,37,16,56,20.6,Books,UPI,15,1
1030.38,32,7,57,13.7,Clothing,UPI,9,0
1254.84,48,3,6,26.2,Home,UPI,32,0
1534.54,43,3,38,7.1,Clothing,Credit Card,72,0
1408.49,37,8,53,3.3,Home,COD,23,1
6442.34,4,1,56,7.0,Clothing,COD,27,1
540.27,30,11,50,3.8,Electronics,Debit Card,42,0
8347.86,6,1,45,29.5,Home,UPI,8,1
2000.77,46,8,0,9.8,Electronics,UPI,11,0
3544.1,19,4,38,11.4,Books,UPI,21,1
1834.01,32,5,24,3.4,Clothing,UPI,44,1
3199.3,9,1,30,5.2,Electronics,Credit Card,39,0
933.51,12,6,21,16.8,Clothing,COD,33,1
700.31,11,3,9,8.3,Books,Debit Card,67,0
11105.38,46,3,17,6.2,Clothing,Debit Card,55,0
6901.06,16,3,12,9.5,Books,Credit Card,13,0
864.68,1,0,7,6.3,Electronics,Credit Card,36,0
2985.68,45,10,8,0.6,Clothing,COD,87,0
4066.4,21,2,57,2.4,Books,Debit Card,26,1
2870.19,30,14,14,9.1,Electronics,Credit Card,74,1
1562.7,13,3,7,16.9,Clothing,UPI,38,0
7458.8,34,3,56,5.7,Books,UPI,23,0
2925.92,4,0,32,23.0,Footwear,Debit Card,8,0
944.32,28,3,34,16.5,Home,UPI,14,1
1379.09,38,1,18,18.2,Home,Credit Card,24,0
854.93,31,13,29,2.0,Footwear,Credit Card,82,0
1677.1,27,5,8,16.0,Home,Debit Card,40,0
1639.55,5,0,18,5.4,Footwear,UPI,25,0
3067.92,25,4,46,24.0,Footwear,UPI,84,0
3036.48,3,0,45,7.1,Electronics,Debit Card,25,0
2372.83,33,11,25,5.2,Books,Credit Card,17,0
2328.5,4,1,0,5.3,Home,UPI,4,1
3752.91,25,7,2,14.2,Clothing,COD,85,0
1543.66,20,4,33,1.8,Footwear,Debit Card,84,1
338.61,34,8,24,10.1,Clothing,Credit Card,81,1
7924.21,26,4,29,8.0,Footwear,Debit Card,41,1
955.74,5,1,0,4.1,Books,UPI,60,0
2941.95,35,10,58,18.0,Electronics,COD,87,1
1424.48,28,6,17,13.4,Books,COD,85,1
4810.81,29,12,32,4.4,Electronics,Credit Card,43,0
922.25,9,3,8,2.9,Clothing,Debit Card,54,1
1099.32,38,3,6,7.5,Clothing,Debit Card,52,1
1276.1,6,1,29,13.7,Clothing,Debit Card,21,1
2665.13,19,1,12,11.7,Footwear,Credit Card,24,0
2113.55,44,5,16,13.9,Home,Credit Card,37,0
2685.56,11,3,12,1.1,Clothing,UPI,82,0
1975.8,2,1,12,3.9,Electronics,Credit Card,44,1
3471.77,47,10,41,10.9,Footwear,Credit Card,83,1
3512.77,44,10,59,4.4,Home,UPI,5,0
5219.39,44,12,37,18.3,Books,Debit Card,61,0
2299.98,9,2,36,7.0,Electronics,Credit Card,44,0
2292.31,21,2,9,3.0,Books,Credit Card,6,0
6228.59,24,3,13,2.8,Clothing,UPI,78,1
4180.48,34,9,42,9.6,Clothing,Credit Card,3,1
2599.6,22,3,4,3.4,Books,Debit Card,65,0
681.21,3,0,35,1.3,Clothing,Credit Card,31,1
556.36,12,2,34,4.5,Home,Credit Card,55,0
2776.36,28,7,45,30.0,Home,Debit Card,45,0
2857.63,30,2,44,0.7,Clothing,UPI,74,0
1090.13,26,4,55,5.4,Footwear,UPI,55,0
2316.3,48,23,22,5.3,Footwear,UPI,60,1
954.13,21,6,4,4.5,Electronics,Credit Card,31,0
2698.7,28,3,43,7.6,Home,Debit Card,81,1
2748.35,26,5,56,10.6,Books,Credit Card,39,0
2735.91,33,3,27,15.6,Clothing,UPI,48,0
2286.72,21,11,22,37.6,Books,UPI,80,0
1471.61,35,3,41,14.0,Clothing,UPI,27,1
1559.02,34,3,33,18.2,Clothing,UPI,16,0
4069.88,41,10,30,5.6,Footwear,Credit Card,52,0
2417.38,47,6,6,7.8,Electronics,UPI,4,0
2544.43,18,6,6,7.1,Books,Debit Card,42,0
1920.89,11,2,3,4.7,Home,COD,54,1
2852.68,23,8,43,8.7,Books,UPI,9,1
3537.77,48,3,31,2.2,Footwear,COD,25,0
1164.94,22,1,27,5.3,Books,Debit Card,88,0
2737.84,17,4,55,20.0,Footwear,COD,58,0
1543.4,5,1,3,9.7,Footwear,UPI,18,0
2252.28,44,2,38,20.3,Books,COD,44,1
3244.33,11,3,51,9.8,Clothing,COD,90,1
654.46,30,8,44,7.1,Footwear,COD,74,1
846.68,15,4,7,3.5,Electronics,Debit Card,49,0
1139.59,27,3,13,8.3,Books,UPI,44,0
1084.37,35,13,29,4.8,Clothing,UPI,75,1
1613.81,33,2,2,2.6,Clothing,COD,78,0
5911.57,20,4,1,3.8,Electronics,UPI,38,0
4125.38,16,4,9,12.1,Clothing,UPI,65,1
1204.22,34,3,5,19.6,Clothing,UPI,81,1
3321.65,2,0,54,12.9,Home,Credit Card,81,0
1754.16,35,13,6,3.6,Clothing,Credit Card,10,0
2299.91,40,8,15,9.7,Home,COD,63,1
909.96,28,7,5,6.6,Electronics,COD,46,1
717.32,47,9,15,10.9,Clothing,Credit Card,2,0
3018.89,39,9,26,5.3,Home,Credit Card,20,0
1850.09,6,1,55,14.9,Clothing,Credit Card,3,1
2606.64,9,3,11,14.9,Electronics,UPI,36,0
5517.19,20,3,21,13.6,Books,COD,5,1
1529.72,1,0,14,9.2,Electronics,Credit Card,20,0
1539.57,8,1,21,15.3,Electronics,Credit Card,3,1
6235.8,23,9,34,2.1,Clothing,UPI,3,1
1829.67,3,0,59,6.3,Electronics,Debit Card,70,0
1030.38,4,1,47,18.4,Electronics,UPI,88,0
3025.94,25,3,49,3.6,Home,UPI,47,1
1530.92,47,1,14,15.8,Electronics,COD,37,0
1016.53,38,11,22,10.1,Electronics,UPI,8,0
1925.19,15,4,37,7.7,Books,Credit Card,80,0
3224.97,21,4,48,6.4,Clothing,Debit Card,1,1
803.17,35,5,1,3.6,Electronics,Debit Card,78,0
790.21,46,18,1,15.8,Footwear,Debit Card,45,0
1709.5,14,3,48,9.6,Electronics,COD,74,0
837.13,36,5,18,18.5,Clothing,UPI,10,0
740.07,12,1,4,13.1,Footwear,COD,86,0
1815.8,17,1,3,8.6,Books,UPI,68,0
3921.58,39,12,27,5.8,Clothing,UPI,43,1
3138.85,9,1,17,3.3,Home,UPI,87,0
1677.64,35,0,39,2.6,Electronics,COD,41,0
4437.3,13,2,40,17.9,Clothing,Credit Card,12,1
6090.42,15,5,55,6.9,Clothing,UPI,8,1
2550.02,18,5,54,12.2,Clothing,UPI,45,1
1399.21,33,5,57,3.6,Clothing,UPI,88,1
5398.26,6,3,49,4.6,Books,Credit Card,1,1
5234.28,27,2,30,6.4,Books,UPI,26,0
2158.95,23,1,21,7.8,Footwear,Credit Card,86,0
4255.6,27,2,10,1.7,Electronics,Debit Card,89,0
1046.39,34,4,47,2.0,Footwear,Credit Card,31,0
425.36,46,13,15,4.3,Home,Debit Card,56,1
916.14,38,5,3,9.7,Electronics,UPI,37,0
2089.33,14,2,20,11.6,Clothing,UPI,75,0
1716.55,36,1,40,12.0,Electronics,Debit Card,4,0
3545.04,8,3,44,16.2,Clothing,Debit Card,72,1
639.09,35,10,24,2.2,Electronics,Credit Card,44,1
647.89,19,3,19,8.6,Books,Debit Card,89,1
3082.86,30,4,7,10.2,Electronics,Credit Card,49,0
661.73,14,2,42,26.5,Electronics,UPI,87,0
1495.88,20,3,52,17.0,Books,Credit Card,40,0
1839.4,49,8,8,7.1,Footwear,UPI,68,0
1146.72,25,6,17,6.5,Home,Credit Card,71,0
2709.46,40,7,30,3.2,Clothing,UPI,10,1
426.96,24,2,51,5.3,Footwear,UPI,70,0
6518.17,14,3,34,11.5,Electronics,COD,4,0
1434.98,26,3,54,9.9,Clothing,UPI,21,1
1604.89,38,7,29,4.2,Footwear,UPI,42,0
11914.41,23,1,17,3.4,Footwear,COD,84,1
697.9,22,3,18,13.1,Clothing,Credit Card,81,0
869.95,48,5,40,10.7,Home,Credit Card,6,0
4832.64,19,5,23,4.6,Footwear,Debit Card,11,0
608.18,46,9,49,13.3,Footwear,Credit Card,82,0
2557.09,3,0,21,7.8,Electronics,UPI,73,0
1182.76,42,5,47,7.0,Books,Credit Card,12,0
583.3,19,4,13,1.4,Clothing,Debit Card,31,1
2614.41,9,2,18,9.1,Clothing,COD,31,0
2668.79,28,5,59,4.6,Clothing,UPI,43,1
1809.8,20,5,28,7.4,Books,UPI,58,0
7695.28,45,16,21,10.9,Books,UPI,50,0
1053.58,7,1,29,4.6,Clothing,Credit Card,80,1
3316.29,14,1,14,3.6,Home,UPI,41,0
2273.64,9,2,20,3.0,Electronics,COD,76,1
3569.09,19,2,25,22.2,Electronics,COD,77,1
1270.47,47,11,35,5.2,Home,Debit Card,36,1
685.9,14,3,11,5.9,Electronics,COD,77,0
1121.69,38,9,6,9.7,Electronics,UPI,44,1
1729.1,36,4,10,14.8,Footwear,Debit Card,66,0
2912.09,40,1,57,10.6,Home,Debit Card,15,1
1830.05,17,1,38,4.2,Electronics,UPI,77,0
2101.81,30,2,19,4.0,Electronics,UPI,34,0
6050.48,9,2,34,6.0,Electronics,Credit Card,90,0
1777.64,33,12,3,18.3,Electronics,Debit Card,70,1
1245.56,25,2,1,9.5,Electronics,COD,85,1
2460.76,14,3,19,8.0,Books,Credit Card,44,0
543.99,11,2,46,6.1,Electronics,Debit Card,33,0
543.17,35,4,19,11.7,Footwear,UPI,79,1
1646.1,41,12,11,10.0,Books,Debit Card,6,0
941.02,14,5,52,16.8,Footwear,Credit Card,40,1
1181.14,30,6,16,1.1,Electronics,UPI,6,0
3478.45,41,11,17,20.3,Footwear,COD,75,1
2613.31,4,1,39,11.0,Books,Credit Card,14,0
1713.2,4,1,23,9.1,Clothing,Debit Card,85,1
1916.16,28,10,7,6.7,Clothing,Credit Card,84,0
1343.24,8,1,36,0.9,Clothing,COD,5,0
3276.52,2,0,55,9.1,Footwear,UPI,45,0
3148.81,41,1,40,9.1,Clothing,Credit Card,59,1
3617.91,46,11,29,27.8,Home,UPI,73,1
3503.26,22,6,19,3.3,Footwear,UPI,43,0
1877.76,41,8,51,5.4,Clothing,UPI,53,1
1109.04,16,4,22,10.3,Home,Credit Card,27,1
1608.23,29,3,36,19.6,Electronics,Debit Card,69,0
1961.84,49,7,58,9.9,Home,Credit Card,69,0
1127.98,48,7,9,7.3,Footwear,Credit Card,48,0
5658.47,30,2,32,2.7,Footwear,COD,79,1
5678.28,12,1,23,8.8,Electronics,Debit Card,73,0
1662.29,35,8,35,4.0,Footwear,UPI,25,0
3720.51,11,1,55,4.5,Clothing,UPI,8,1
2675.83,46,12,15,9.3,Clothing,UPI,78,0
1277.12,21,7,49,7.3,Clothing,UPI,32,1
2412.47,21,3,27,10.1,Electronics,UPI,61,0
1051.55,5,1,11,5.9,Clothing,Debit Card,87,0
976.52,48,3,19,8.8,Clothing,UPI,1,0
2524.59,20,1,46,3.7,Clothing,UPI,31,1
2545.71,37,2,17,4.2,Footwear,UPI,71,0
11918.67,3,1,36,16.8,Clothing,Credit Card,15,1
1621.6,44,12,57,27.4,Clothing,COD,70,1
1248.53,33,3,25,25.2,Clothing,COD,16,1
3449.3,9,2,45,4.9,Footwear,Credit Card,78,0
1776.61,9,3,55,11.4,Footwear,Credit Card,81,1
1149.02,4,1,58,5.6,Books,Debit Card,74,0
1199.82,35,7,6,8.9,Home,Debit Card,72,0
1594.52,17,3,42,8.9,Electronics,Credit Card,57,1
3782.41,34,7,46,7.2,Footwear,Debit Card,11,1
2445.83,24,1,20,6.9,Clothing,Credit Card,18,0
1008.91,32,5,42,1.0,Clothing,COD,45,0
6530.92,1,0,31,5.3,Books,UPI,20,1
957.99,8,2,6,11.6,Clothing,Credit Card,80,1
1079.09,45,14,52,14.9,Home,UPI,87,1
4092.53,23,4,22,7.2,Books,Debit Card,14,1
5157.94,47,17,19,21.5,Electronics,UPI,76,1
2315.75,40,17,19,9.2,Electronics,Credit Card,27,1
732.58,12,2,31,18.9,Clothing,Debit Card,77,1
1934.93,12,3,25,9.3,Electronics,Credit Card,80,0
694.41,46,18,35,0.2,Electronics,Credit Card,88,1
10294.05,47,5,58,19.5,Books,Credit Card,76,1
2210.6,15,1,23,6.8,Books,Debit Card,9,0
3168.6,41,9,0,6.5,Footwear,Credit Card,13,0
1395.22,19,4,57,2.6,Home,COD,45,0
6399.45,26,5,52,15.4,Electronics,Debit Card,8,1
1271.9,29,4,27,2.9,Footwear,UPI,56,0
991.11,22,3,25,19.3,Electronics,Credit Card,82,0
2238.18,40,1,33,6.6,Clothing,UPI,7,0
3347.75,21,4,25,14.8,Clothing,UPI,77,0
8023.15,38,15,35,3.6,Footwear,Credit Card,15,1
5597.13,20,5,4,20.4,Electronics,COD,56,1
4173.71,29,1,55,12.6,Electronics,UPI,84,0
1119.19,4,0,1,6.4,Footwear,Credit Card,56,0
1102.75,7,1,31,17.6,Footwear,UPI,37,0
978.0,28,8,33,9.2,Clothing,COD,64,1
1627.08,28,12,49,25.5,Electronics,Credit Card,17,1
473.76,4,0,29,4.8,Books,Debit Card,21,0
4702.36,22,5,23,16.4,Electronics,Credit Card,78,0
882.53,12,3,27,13.6,Home,UPI,86,1
809.43,45,1,45,1.9,Electronics,COD,52,1
1360.92,3,0,2,2.6,Footwear,Credit Card,33,0
706.51,22,8,52,6.2,Footwear,Credit Card,77,0
2838.42,44,1,49,10.9,Home,Credit Card,12,1
919.46,2,0,53,14.6,Clothing,COD,46,0
2568.37,24,11,9,10.7,Electronics,UPI,70,0
3454.44,34,8,5,16.2,Home,UPI,75,0
1230.84,27,3,33,7.0,Clothing,Debit Card,87,0
1094.2,41,6,30,14.9,Home,UPI,71,1
1031.2,1,0,51,9.1,Home,Credit Card,57,0
847.63,8,3,42,6.1,Clothing,Credit Card,20,0
1347.15,23,8,49,2.6,Books,UPI,68,0
1895.36,38,2,45,1.2,Clothing,Credit Card,85,0
686.69,6,1,57,6.9,Footwear,Debit Card,44,1
1153.56,22,2,51,9.5,Footwear,Credit Card,30,1
2019.17,25,3,12,4.6,Footwear,UPI,25,0
1852.47,18,3,60,5.8,Footwear,UPI,31,1
300.0,17,4,58,6.3,Home,COD,2,1
2817.32,12,1,38,3.3,Footwear,UPI,84,1
4302.34,6,1,52,4.4,Clothing,UPI,54,0
1210.94,26,4,57,13.0,Footwear,COD,14,1
536.77,27,10,19,7.5,Electronics,COD,23,0
1058.84,8,2,31,10.7,Electronics,Debit Card,69,0
1037.2,19,1,9,1.6,Electronics,UPI,52,0
4187.67,42,16,25,18.4,Clothing,UPI,83,1
840.88,1,0,18,8.7,Books,UPI,50,1
1407.23,29,5,28,14.5,Footwear,Credit Card,71,0
5853.33,45,10,60,2.9,Books,UPI,85,1
2023.71,49,5,12,11.8,Electronics,UPI,33,0
2073.34,35,3,53,6.3,Home,UPI,84,1
1684.4,40,1,33,29.3,Clothing,COD,9,1
3584.52,14,0,19,4.9,Electronics,Debit Card,8,1
2399.07,35,9,43,9.0,Home,Credit Card,75,0
6617.55,48,7,39,3.1,Electronics,UPI,7,0
7142.83,45,0,17,8.9,Clothing,COD,21,1
2252.06,20,9,56,7.9,Clothing,Credit Card,53,1
1761.54,49,11,33,17.2,Home,Credit Card,15,0
2027.45,13,2,47,9.3,Footwear,COD,72,0
1216.22,38,18,7,6.4,Clothing,UPI,52,1
1985.49,49,11,15,7.8,Electronics,Credit Card,76,0
658.88,46,7,39,1.5,Electronics,Debit Card,69,0
1098.33,49,2,22,9.8,Electronics,UPI,72,1
3135.49,8,1,31,15.5,Books,UPI,37,0
2635.0,43,8,12,9.1,Books,COD,78,1
1653.91,20,2,25,1.9,Books,UPI,4,0
2424.12,33,6,37,10.6,Home,Credit Card,79,0
5189.07,26,8,0,11.0,Books,Debit Card,84,0
1380.32,39,5,1,11.7,Home,UPI,61,0
662.06,21,1,38,7.8,Books,Credit Card,22,0
2804.68,49,4,12,9.6,Home,UPI,49,0
2631.68,42,21,26,10.9,Clothing,UPI,36,1
3077.24,43,1,3,3.8,Clothing,COD,63,1
782.07,41,8,40,4.4,Footwear,Debit Card,38,0
632.6,9,1,50,11.8,Footwear,UPI,40,0
2176.47,24,7,19,4.3,Footwear,UPI,64,0
2072.4,37,5,2,7.4,Home,Credit Card,68,0
1408.07,49,6,22,11.7,Footwear,UPI,56,1
4977.68,41,13,1,16.3,Electronics,Debit Card,14,0
1795.57,17,4,15,5.1,Clothing,UPI,2,0
4280.03,24,4,9,4.2,Books,COD,63,0
3343.43,21,3,27,11.7,Footwear,UPI,19,1
843.09,39,16,43,16.8,Clothing,COD,78,0
971.8,41,7,17,1.9,Books,Credit Card,71,0
736.9,39,13,1,8.4,Clothing,Debit Card,9,0
2445.2,13,5,13,22.0,Clothing,Debit Card,33,0
1936.57,11,1,43,3.9,Clothing,UPI,88,0
4652.06,46,4,19,12.1,Books,Credit Card,61,0
2742.32,19,4,55,7.7,Home,Credit Card,85,1
728.82,11,4,55,7.8,Clothing,Credit Card,44,1
1308.4,13,1,55,7.0,Books,Credit Card,65,0
412.69,46,13,39,10.1,Books,UPI,85,1
2220.22,45,11,22,17.3,Home,UPI,57,0
12753.03,1,0,53,4.1,Books,Credit Card,24,0
1981.43,40,11,59,4.4,Home,UPI,44,0
2081.47,44,5,6,9.8,Footwear,COD,68,0
1786.26,19,3,44,10.2,Clothing,Credit Card,6,1
2319.47,12,0,46,7.0,Clothing,Credit Card,67,0
1620.74,8,1,13,15.6,Electronics,UPI,34,0
2786.38,8,1,36,4.8,Home,Credit Card,25,0
1052.9,45,10,7,4.5,Electronics,UPI,27,0
1083.9,12,2,49,9.0,Clothing,Debit Card,18,1
731.62,48,8,4,4.0,Clothing,UPI,5,0
1767.34,33,8,22,34.8,Clothing,Debit Card,88,1
833.74,45,9,40,2.4,Clothing,Credit Card,85,1
4997.91,26,2,9,20.4,Home,Debit Card,44,1
1337.21,39,2,48,4.6,Books,UPI,5,0
455.63,28,9,26,2.4,Books,UPI,61,0
816.64,5,1,56,9.7,Footwear,UPI,6,1
1987.3,8,2,34,6.9,Books,Credit Card,75,1
2854.49,25,5,0,28.3,Clothing,UPI,39,1
2316.35,27,4,6,10.7,Footwear,UPI,8,0
1016.75,46,5,46,6.7,Clothing,UPI,75,0
1212.14,23,5,50,7.7,Books,Debit Card,84,1
1116.73,30,3,7,1.0,Electronics,Credit Card,43,0
2688.25,45,9,10,0.7,Footwear,COD,86,1
1961.39,47,13,33,1.8,Home,Credit Card,41,0
1321.89,23,2,51,7.0,Footwear,UPI,76,0
1139.54,49,8,27,8.2,Electronics,Debit Card,69,0
1253.81,47,11,33,11.0,Footwear,Credit Card,30,1
1818.81,20,3,42,13.2,Home,Credit Card,59,0
4621.96,18,1,19,1.0,Electronics,COD,23,0
2060.32,18,7,27,10.0,Home,Credit Card,57,0
1428.49,2,0,48,18.3,Books,Credit Card,25,0
1352.66,4,0,60,5.9,Books,Debit Card,48,0
5951.07,30,11,41,33.4,Clothing,Debit Card,70,1
3220.55,33,2,36,7.8,Electronics,Credit Card,42,0
3587.09,36,9,2,4.9,Clothing,UPI,29,1
3050.84,18,4,8,14.6,Footwear,COD,85,1
1745.93,37,4,51,11.0,Books,UPI,71,1
4181.6,19,1,21,18.9,Books,UPI,45,0
647.12,47,15,24,13.1,Books,COD,41,1
5354.32,28,4,1,8.3,Footwear,COD,73,0
3039.65,40,13,22,13.5,Footwear,UPI,63,0
2540.54,20,0,50,1.6,Electronics,UPI,47,0
1064.34,49,17,16,11.6,Clothing,Debit Card,1,1
3469.17,33,11,56,7.5,Books,UPI,20,1
4030.05,12,3,24,2.6,Footwear,UPI,19,0
1104.24,15,2,11,12.9,Clothing,COD,65,0
1128.02,41,6,26,17.1,Electronics,Credit Card,74,0
876.97,39,8,19,6.3,Clothing,Debit Card,36,0
2653.39,2,0,8,3.9,Footwear,Debit Card,23,0
1687.98,29,4,22,15.5,Books,Debit Card,82,0
7988.34,41,14,35,3.8,Electronics,COD,29,0
617.78,10,1,27,8.3,Electronics,Credit Card,44,0
982.96,2,1,49,8.0,Footwear,Debit Card,7,0
1823.33,11,1,47,3.7,Clothing,Debit Card,31,0
2879.89,13,3,28,2.4,Electronics,COD,38,0
2790.07,10,3,52,14.3,Electronics,Debit Card,66,0
1918.21,14,1,55,10.4,Clothing,COD,79,0
2313.87,18,2,41,5.7,Footwear,UPI,22,0
1964.32,9,1,57,5.8,Books,UPI,75,0
3768.97,39,8,53,11.0,Footwear,UPI,54,0
1224.91,28,13,31,5.2,Footwear,UPI,54,0
1325.98,3,0,11,6.9,Electronics,UPI,83,0
2929.55,20,2,29,4.8,Home,UPI,6,0
5435.13,6,1,59,6.4,Footwear,COD,73,0
1159.83,27,7,10,6.8,Clothing,UPI,62,0
2140.57,2,0,36,11.3,Footwear,Credit Card,29,0
1387.28,29,2,19,4.6,Clothing,Debit Card,43,0
2666.0,38,6,10,16.1,Footwear,UPI,67,0
573.13,3,0,47,11.1,Footwear,UPI,62,1
1419.41,16,5,46,7.6,Footwear,UPI,13,1
1209.61,30,14,37,6.5,Books,UPI,64,0
1422.76,40,7,44,5.7,Books,COD,47,0
305.75,2,0,15,14.2,Home,COD,60,1
7458.53,17,1,58,5.2,Books,COD,15,1
315.47,41,5,34,1.1,Electronics,COD,5,1
2523.36,12,4,49,5.1,Clothing,UPI,69,1
730.89,35,3,0,19.3,Electronics,Debit Card,2,1
756.5,43,2,24,3.1,Clothing,Debit Card,38,1
1991.45,1,0,48,22.7,Clothing,COD,54,1
2933.27,45,9,26,5.5,Books,UPI,39,1
851.64,15,1,51,5.2,Footwear,Credit Card,20,0
832.44,26,2,31,25.5,Footwear,UPI,20,0
730.38,37,13,5,9.1,Clothing,UPI,29,0
2101.27,21,5,40,13.5,Footwear,Debit Card,35,0
868.67,49,11,35,3.6,Home,UPI,32,1
4456.41,31,3,38,6.0,Clothing,Credit Card,17,0
806.22,25,10,22,0.8,Books,Credit Card,51,0
2641.92,23,8,28,4.9,Clothing,UPI,8,0
5330.88,24,4,29,6.1,Books,UPI,21,0
1897.28,38,3,21,5.7,Electronics,COD,23,1
516.33,28,11,56,6.8,Footwear,Debit Card,51,1
2392.39,21,1,10,6.0,Books,Debit Card,6,1
1521.69,43,8,25,1.0,Footwear,COD,52,0
1756.1,18,1,22,4.7,Footwear,UPI,8,1
5487.52,36,16,2,8.4,Footwear,UPI,69,1
1874.51,35,5,47,9.9,Clothing,UPI,33,1
2589.97,45,3,5,18.5,Electronics,Credit Card,62,1
1137.47,9,0,6,0.8,Clothing,Credit Card,65,0
1485.59,38,12,43,4.9,Electronics,UPI,63,1
3968.86,30,3,38,14.0,Books,UPI,88,0
1989.08,44,1,60,8.0,Books,Debit Card,32,0
2207.95,34,5,53,5.1,Clothing,Credit Card,55,0
3643.79,32,19,50,15.1,Home,COD,33,1
5659.77,3,0,21,7.8,Clothing,UPI,38,0
805.06,3,2,47,12.7,Electronics,Credit Card,2,0
1281.66,28,13,49,7.1,Home,Debit Card,81,1
5017.33,44,9,41,0.8,Clothing,COD,10,1
7293.56,15,2,60,18.8,Electronics,UPI,66,0
1505.12,41,10,32,6.5,Home,UPI,76,0
2186.23,23,3,39,1.8,Books,UPI,15,0
2311.91,40,10,2,4.8,Footwear,Debit Card,87,0
2130.26,11,1,29,3.3,Clothing,Credit Card,82,1
2150.19,48,5,47,0.5,Clothing,Credit Card,61,1
4700.39,32,10,23,5.8,Footwear,UPI,31,0
512.59,36,7,2,0.9,Home,UPI,38,0
1142.9,33,1,1,5.8,Books,UPI,29,0
2827.41,24,7,43,9.0,Books,COD,78,0
1277.47,39,7,39,8.9,Books,Debit Card,43,0
2209.52,34,3,18,4.2,Footwear,Credit Card,23,0
3868.42,28,10,23,2.4,Clothing,Credit Card,25,0
5541.89,37,5,49,13.5,Footwear,UPI,28,1
2195.6,7,1,19,10.2,Footwear,Credit Card,72,0
5128.93,4,1,56,5.0,Clothing,UPI,83,0
1996.81,37,5,46,1.5,Footwear,Debit Card,1,0
1461.95,1,0,48,2.9,Clothing,Credit Card,20,1
613.89,1,0,49,23.1,Books,UPI,29,0
895.78,47,14,30,12.8,Clothing,UPI,8,1
1814.02,20,1,49,9.1,Home,UPI,62,0
1840.8,19,4,40,3.3,Clothing,UPI,14,1
2123.05,29,6,57,3.4,Home,COD,38,1
6539.04,10,2,30,13.9,Clothing,Credit Card,3,1
3058.84,18,3,36,20.2,Home,Credit Card,3,0
3175.2,28,2,42,14.1,Electronics,Credit Card,55,0
6500.18,35,5,28,5.7,Clothing,Credit Card,78,1
1408.79,43,6,3,3.8,Electronics,UPI,21,1
1266.18,47,17,57,3.0,Footwear,UPI,35,1
4254.44,31,9,9,5.3,Home,Credit Card,44,0
2540.42,27,2,35,3.3,Home,Debit Card,44,0
1752.78,11,3,54,7.8,Electronics,COD,43,1
1733.0,49,2,34,7.1,Clothing,UPI,41,1
1602.98,49,10,56,27.3,Books,UPI,27,1
1684.63,38,8,47,14.1,Footwear,COD,28,1
1804.51,5,0,20,7.9,Electronics,Credit Card,5,0
1468.18,8,0,42,27.1,Clothing,COD,43,0
2667.21,34,3,40,10.2,Footwear,Credit Card,63,0
3049.03,48,4,0,3.2,Electronics,Credit Card,39,0
1217.7,12,1,41,13.4,Footwear,UPI,10,0
3401.03,38,10,11,2.4,Footwear,UPI,63,1
742.51,1,0,23,1.0,Clothing,UPI,9,0
2572.49,31,11,1,9.9,Footwear,UPI,84,1
2664.11,4,0,46,11.3,Home,Credit Card,29,0
1705.12,49,11,55,13.5,Clothing,Debit Card,28,1
1882.15,45,12,19,11.2,Clothing,UPI,11,1
1535.44,5,2,15,9.6,Home,UPI,85,1
1267.3,30,9,33,4.4,Electronics,COD,87,1
1808.68,24,3,12,8.7,Home,UPI,15,0
1233.47,3,0,17,13.5,Books,Credit Card,81,0
4014.52,11,3,28,9.6,Books,Debit Card,24,0
414.98,45,15,53,11.9,Clothing,UPI,35,1
1645.5,4,1,50,11.7,Footwear,Debit Card,61,0
477.93,26,2,42,14.8,Books,Credit Card,20,0
858.6,27,4,13,1.6,Clothing,UPI,58,1
1207.41,46,13,29,9.7,Electronics,COD,63,1
4617.97,43,3,57,26.3,Clothing,Credit Card,75,1
4054.48,27,6,34,8.4,Books,Credit Card,60,1
1902.43,42,5,8,8.4,Footwear,Credit Card,39,1
1890.7,6,1,36,6.0,Footwear,UPI,20,0
3737.76,15,2,45,5.7,Footwear,UPI,86,1
3991.6,30,11,38,22.0,Footwear,UPI,88,0
1209.11,42,11,11,0.8,Electronics,UPI,58,0
2895.56,37,8,20,9.3,Footwear,UPI,64,0
925.64,37,22,17,6.2,Footwear,UPI,14,1
1376.6,42,14,10,1.2,Footwear,UPI,36,0
2740.63,37,5,26,13.4,Home,UPI,13,1
1140.94,35,5,23,7.0,Footwear,Debit Card,1,0
1410.23,23,7,40,9.1,Books,UPI,13,0
566.16,6,1,42,5.3,Clothing,Credit Card,35,0
2478.91,4,0,49,10.3,Footwear,Credit Card,8,0
974.78,18,1,33,11.4,Home,Debit Card,18,0
1017.61,9,1,19,2.9,Home,Credit Card,34,0
4668.84,49,5,12,2.9,Footwear,COD,52,0
1117.52,29,3,46,5.3,Electronics,Credit Card,70,0
3061.75,13,2,7,20.1,Clothing,UPI,58,1
3902.84,47,5,36,5.5,Electronics,UPI,27,0
3436.16,17,2,4,5.4,Clothing,Debit Card,18,1
1518.67,45,12,6,4.5,Footwear,Credit Card,57,1
1340.72,32,5,43,23.0,Home,Credit Card,9,1
954.01,48,17,51,8.5,Footwear,Debit Card,64,0
526.87,22,6,11,15.7,Electronics,UPI,79,0
3104.35,4,1,40,16.8,Clothing,COD,23,0
2904.56,5,1,3,3.2,Footwear,Credit Card,59,0
2524.71,37,3,39,4.0,Home,Credit Card,67,0
300.0,41,11,18,9.1,Books,COD,73,0
1597.11,49,5,53,3.0,Books,Debit Card,22,0
2809.26,13,5,0,3.9,Books,Credit Card,50,0
4449.68,34,6,54,5.7,Clothing,COD,23,1
2228.85,45,6,42,4.1,Home,Credit Card,84,1
2070.87,22,9,54,2.5,Clothing,Credit Card,52,1
1124.18,23,6,12,4.6,Electronics,COD,7,0
2356.63,3,0,49,7.8,Electronics,UPI,17,0
1531.83,42,14,52,3.4,Clothing,Credit Card,3,0
1085.12,34,15,51,4.8,Electronics,UPI,7,1
804.16,32,5,41,6.1,Books,Debit Card,77,1
932.62,45,1,44,23.5,Clothing,UPI,41,1
2269.79,49,8,24,3.8,Home,Debit Card,23,1
684.36,21,5,43,18.4,Books,UPI,37,1
1471.63,46,7,44,0.8,Books,UPI,68,0
4516.38,44,3,33,13.0,Books,COD,73,1
662.56,21,4,34,11.4,Home,UPI,70,0
2476.2,44,5,60,13.0,Clothing,UPI,64,0
2651.88,11,4,16,11.9,Footwear,UPI,18,1
1474.53,39,2,25,14.9,Home,Debit Card,35,1
2794.74,4,2,20,5.6,Books,Debit Card,23,1
1585.05,1,0,50,18.6,Books,COD,84,0
3154.84,28,1,11,4.0,Home,UPI,7,0
856.06,24,2,15,0.9,Footwear,Credit Card,61,0
6784.09,35,6,51,1.2,Books,Debit Card,76,0
4944.72,13,5,19,8.4,Books,Credit Card,49,0
379.63,47,4,53,10.6,Clothing,Debit Card,57,0
4108.02,34,4,9,13.5,Footwear,Debit Card,68,1
1207.23,11,3,22,8.2,Home,UPI,12,0
4928.34,36,7,54,4.3,Clothing,UPI,15,0
3663.63,17,3,46,13.3,Home,Debit Card,2,0
844.7,35,3,29,7.5,Electronics,Credit Card,47,0
2704.2,18,5,58,4.1,Clothing,Credit Card,75,1
1107.0,40,15,7,10.1,Clothing,Credit Card,56,1
2634.97,22,7,50,7.3,Footwear,UPI,14,1
1867.26,24,5,4,42.0,Electronics,Credit Card,27,1
1085.02,19,4,11,33.5,Electronics,UPI,4,1
709.18,37,4,41,3.8,Books,Credit Card,38,0
2123.99,39,10,53,1.1,Clothing,UPI,84,0
2502.01,21,6,13,3.1,Clothing,Debit Card,2,0
1618.91,8,2,59,1.4,Home,Debit Card,4,0
1051.65,28,4,53,11.3,Clothing,Credit Card,24,1
1289.17,5,1,11,17.3,Home,UPI,9,0
839.36,17,2,23,3.1,Clothing,UPI,19,1
3026.83,37,7,44,16.3,Home,UPI,62,1
398.8,36,5,52,2.2,Footwear,UPI,72,1
3519.97,19,2,52,16.0,Books,UPI,41,0
1714.44,27,18,16,3.6,Clothing,Debit Card,77,1
2604.9,34,1,0,7.9,Clothing,COD,72,1
2790.09,11,3,53,13.6,Books,UPI,78,0
1962.75,45,2,41,5.6,Home,UPI,50,0
1376.06,47,8,57,2.1,Home,COD,74,1
3921.75,12,4,36,29.0,Clothing,Debit Card,84,0
544.18,21,2,10,2.1,Footwear,Credit Card,65,0
4497.4,11,0,41,23.3,Clothing,COD,76,1
823.59,39,9,5,11.1,Clothing,Credit Card,84,0
1439.53,28,3,14,17.5,Footwear,Debit Card,76,0
4924.21,5,0,40,12.0,Books,Debit Card,12,0
8609.53,17,3,39,2.2,Clothing,UPI,39,0
2053.66,20,8,22,1.5,Clothing,Credit Card,29,0
700.49,41,5,22,4.3,Clothing,UPI,58,1
3287.05,46,5,37,0.7,Home,Credit Card,67,1
1759.31,12,2,37,8.2,Footwear,UPI,71,1
859.69,6,0,48,8.6,Clothing,UPI,87,0
2107.84,17,3,11,6.2,Home,UPI,77,0
722.84,19,8,6,3.1,Clothing,UPI,75,1
2072.55,26,2,36,9.5,Clothing,UPI,25,0
949.4,48,4,15,3.6,Electronics,Debit Card,84,1
455.96,44,10,54,7.7,Electronics,Credit Card,49,1
564.98,44,13,37,3.5,Electronics,Debit Card,63,1
1181.67,32,12,39,5.4,Clothing,Debit Card,27,0
2569.09,6,0,34,39.0,Footwear,UPI,70,0
4349.64,36,5,39,14.5,Electronics,Credit Card,70,0
4911.31,38,11,28,2.3,Electronics,Debit Card,58,1
627.41,11,1,38,23.7,Electronics,Credit Card,9,0
1545.08,33,12,16,11.9,Clothing,COD,85,1
1179.49,24,7,50,5.9,Electronics,Credit Card,82,0
1678.36,23,1,25,6.7,Electronics,Credit Card,1,1
4852.86,15,2,19,9.5,Books,Debit Card,76,0
2023.95,27,4,45,23.4,Footwear,UPI,65,1
3319.06,11,2,24,11.0,Home,Credit Card,24,1
8501.76,17,3,59,4.2,Home,UPI,19,0
604.62,14,1,37,5.9,Footwear,UPI,14,0
1296.65,27,10,38,4.3,Home,UPI,14,1
2696.9,18,2,36,9.7,Footwear,Credit Card,90,0
2178.92,28,5,18,11.7,Footwear,Debit Card,80,0
3767.1,47,12,20,11.8,Books,UPI,88,0
1382.07,47,6,31,18.9,Electronics,Debit Card,32,1
2088.49,4,1,27,11.3,Clothing,UPI,6,1
1064.91,7,1,38,2.9,Electronics,UPI,23,0
3807.41,45,20,40,19.6,Home,COD,19,1
1862.11,35,4,11,6.8,Clothing,UPI,89,0
4830.18,48,6,56,7.6,Books,UPI,89,0
4854.93,9,3,46,5.6,Clothing,UPI,2,0
737.21,8,3,14,3.8,Clothing,UPI,74,1
5407.11,45,8,27,4.1,Clothing,UPI,41,1
3469.48,17,8,55,15.0,Footwear,UPI,53,1
1620.37,17,1,20,8.2,Home,Credit Card,27,0
3257.97,49,7,15,5.8,Clothing,UPI,8,1
1267.09,33,4,22,19.2,Footwear,Credit Card,43,0
4687.86,32,7,51,11.3,Clothing,COD,33,1
1938.03,8,1,25,6.3,Footwear,UPI,43,1
3366.29,19,4,14,20.8,Footwear,Credit Card,83,1
1162.59,38,3,36,17.8,Books,UPI,30,0
2202.16,3,0,11,5.8,Books,UPI,34,0
3361.56,5,1,3,4.7,Clothing,Debit Card,78,1
2242.68,13,3,34,12.5,Electronics,Credit Card,20,0
2678.41,47,8,30,5.5,Home,UPI,87,1
1062.29,46,6,60,8.3,Electronics,UPI,62,0
2237.64,31,3,26,7.1,Clothing,UPI,79,0
1066.12,16,4,60,8.5,Electronics,Debit Card,2,0
1784.95,32,4,31,22.0,Clothing,Debit Card,88,0
1280.42,22,6,32,8.4,Footwear,UPI,88,1
1566.75,29,4,12,13.6,Clothing,UPI,80,0
530.52,22,2,36,8.8,Books,UPI,68,0
1841.85,43,2,43,8.2,Footwear,Debit Card,79,0
1676.95,3,0,1,3.1,Footwear,Credit Card,83,0
625.92,10,4,37,1.4,Clothing,UPI,19,1
2295.91,42,2,36,4.1,Electronics,UPI,35,1
3223.48,21,2,58,1.0,Home,UPI,20,1
2254.52,16,3,49,4.3,Home,UPI,41,1
3133.73,12,1,55,8.3,Footwear,Debit Card,29,0
1250.27,2,0,4,5.1,Clothing,UPI,15,0
1557.83,41,10,17,1.2,Footwear,COD,84,1
1904.4,24,9,47,45.4,Home,Credit Card,32,1
2002.58,35,5,16,7.3,Home,UPI,13,0
349.06,30,15,1,7.2,Footwear,Credit Card,7,1
948.97,30,11,48,18.1,Books,UPI,54,1
3646.93,47,4,41,16.1,Footwear,UPI,16,0
1045.62,35,13,57,7.2,Electronics,COD,10,1
1521.05,19,2,34,7.8,Footwear,Credit Card,56,1
1743.26,8,0,13,26.2,Footwear,UPI,66,0
707.51,26,2,50,7.3,Electronics,UPI,38,0
5464.98,49,7,11,15.5,Clothing,UPI,53,0
1768.85,40,1,57,4.8,Footwear,UPI,82,0
992.75,7,1,32,3.4,Home,UPI,34,0
2846.71,30,1,6,11.4,Books,UPI,85,0
1468.94,7,3,57,15.3,Home,Debit Card,85,1
1883.98,3,0,38,2.5,Electronics,Debit Card,1,1
4847.4,1,0,44,11.1,Footwear,UPI,79,0
1237.89,36,4,8,4.9,Footwear,Credit Card,74,0
4023.67,25,4,4,0.6,Clothing,UPI,59,0
1422.91,37,2,3,2.6,Electronics,UPI,25,0
1896.52,1,0,31,5.6,Electronics,Credit Card,32,1
2235.43,15,3,4,15.2,Electronics,Debit Card,31,0
1420.51,37,2,55,12.5,Home,UPI,74,1
887.39,13,1,55,2.3,Electronics,Credit Card,3,0
2483.0,40,8,59,11.6,Clothing,COD,86,1
3964.13,8,0,51,3.7,Clothing,Debit Card,66,0
2803.89,5,2,43,10.8,Home,UPI,87,1
2747.78,9,1,7,4.0,Electronics,UPI,41,0
1312.5,1,0,12,24.8,Electronics,COD,62,0
2927.35,36,5,3,4.4,Clothing,UPI,53,0
2323.2,35,7,51,5.9,Clothing,Credit Card,88,0
3307.76,2,0,10,3.7,Clothing,UPI,33,0
1937.35,40,3,14,11.7,Home,Credit Card,13,0
2745.55,23,1,55,3.6,Electronics,UPI,39,1
1289.15,9,2,45,1.2,Electronics,Debit Card,29,0
2941.74,34,5,17,10.2,Clothing,UPI,25,0
748.64,46,5,19,9.9,Books,Credit Card,19,0
1430.44,14,1,0,3.0,Electronics,UPI,65,0
1109.72,4,1,0,3.8,Books,UPI,16,1
21038.51,30,4,10,6.5,Home,Debit Card,72,0
2854.05,31,7,28,12.1,Clothing,COD,71,1
846.69,38,8,60,29.3,Home,COD,85,1
694.08,11,4,28,12.1,Footwear,UPI,75,1
532.73,35,1,23,13.1,Footwear,Credit Card,90,0
814.19,8,2,19,22.0,Footwear,Debit Card,60,0
998.11,3,0,29,13.7,Footwear,Credit Card,79,0
913.47,14,2,37,24.1,Electronics,Debit Card,57,1
1303.75,13,1,4,8.5,Footwear,COD,45,0
3242.67,45,2,44,10.0,Home,UPI,52,0
1572.79,32,3,9,3.8,Clothing,Debit Card,6,0
2978.07,34,6,5,3.1,Books,UPI,60,0
857.86,45,11,3,5.1,Electronics,COD,37,1
1383.29,19,5,3,14.0,Books,Debit Card,54,1
937.68,38,3,6,14.6,Footwear,Credit Card,4,0
2464.9,16,3,47,7.9,Footwear,Debit Card,83,0
1592.71,2,0,32,17.1,Books,Debit Card,47,0
6255.11,40,6,8,5.6,Home,Credit Card,85,0
1130.82,17,0,25,2.7,Clothing,COD,37,1
873.3,34,6,50,12.2,Home,UPI,82,0
2225.46,42,5,51,9.6,Electronics,COD,42,0
1598.23,16,2,46,9.8,Clothing,UPI,48,0
2570.25,38,12,40,24.8,Books,Credit Card,61,0
1731.65,2,1,20,9.8,Clothing,UPI,62,1
1638.47,2,0,59,15.7,Electronics,UPI,55,0
1132.77,26,4,51,0.2,Footwear,Credit Card,37,0
1497.1,13,1,59,9.6,Clothing,UPI,15,1
619.7,47,3,21,2.1,Clothing,COD,59,1
4181.26,31,10,32,6.8,Footwear,UPI,63,0
4397.43,34,13,57,5.3,Footwear,UPI,66,0
3485.11,39,10,32,21.4,Clothing,COD,42,1
1312.27,3,1,47,22.3,Footwear,Debit Card,31,0
1164.7,8,1,4,23.7,Books,Debit Card,6,0
2564.11,23,4,20,9.1,Books,UPI,19,0
928.77,14,3,26,0.8,Home,Debit Card,38,0
4006.45,27,5,40,11.1,Electronics,UPI,79,1
341.46,29,5,0,5.8,Clothing,COD,33,0
1317.7,39,7,50,8.8,Books,Debit Card,90,0
858.16,39,7,15,3.3,Clothing,Debit Card,53,0
4327.9,1,0,34,21.1,Books,Debit Card,30,0
3833.11,17,1,35,13.8,Clothing,Credit Card,75,1
2683.99,41,12,43,6.7,Books,Debit Card,65,0
6911.48,30,8,31,4.1,Electronics,Credit Card,14,0
1820.76,13,0,28,15.1,Clothing,UPI,10,0
2812.64,21,4,38,17.2,Home,UPI,17,0
590.92,19,5,46,5.8,Books,UPI,75,0
1445.06,19,2,22,4.2,Footwear,Debit Card,15,0
1952.82,25,6,14,9.2,Electronics,Credit Card,76,0
951.75,22,7,25,10.7,Books,Credit Card,3,0
2162.17,31,6,36,2.8,Footwear,Debit Card,22,0
455.72,17,5,24,16.1,Electronics,Credit Card,56,1
2565.97,23,1,54,6.9,Clothing,UPI,59,0
1333.76,32,10,1,18.9,Footwear,UPI,26,0
1041.96,10,2,11,19.1,Clothing,UPI,50,0
3042.26,10,4,18,18.0,Books,UPI,87,1
5037.61,36,10,58,2.0,Clothing,UPI,80,1
3375.4,8,1,31,2.6,Footwear,Credit Card,61,0
1024.53,20,4,22,14.5,Clothing,UPI,55,0
2886.24,32,5,4,14.5,Footwear,UPI,64,0
1511.46,14,3,54,3.0,Clothing,COD,3,0
3986.24,28,11,24,7.7,Clothing,COD,30,1
2110.71,46,7,56,16.7,Clothing,Credit Card,58,1
644.06,24,9,34,12.0,Electronics,UPI,13,0
1526.24,15,6,55,14.3,Electronics,Debit Card,72,1
1014.65,22,2,28,10.7,Clothing,Credit Card,24,0
1049.37,30,5,37,12.4,Electronics,UPI,69,0
1440.21,4,0,44,8.0,Electronics,Credit Card,7,0
2190.64,13,4,19,6.8,Books,UPI,51,0
3413.98,23,4,46,9.0,Clothing,COD,54,1
1251.63,8,2,35,16.1,Clothing,Debit Card,51,1
4225.42,18,6,51,5.3,Clothing,UPI,27,1
549.12,12,5,6,6.2,Footwear,Credit Card,12,0
1005.73,31,14,21,2.8,Footwear,UPI,41,0
7583.91,14,2,17,6.9,Clothing,COD,89,1
812.54,34,13,52,2.9,Clothing,UPI,33,1
4341.15,18,4,20,17.9,Home,UPI,79,0
1775.46,34,9,21,7.5,Books,UPI,31,1
1720.55,11,5,38,3.4,Books,UPI,11,0
3479.64,41,3,11,16.2,Electronics,COD,36,0
3154.6,12,2,10,3.5,Footwear,COD,6,0
4599.15,49,19,55,2.4,Electronics,UPI,45,1
1520.91,15,2,11,1.1,Footwear,UPI,60,0
1998.38,31,7,25,1.4,Clothing,Credit Card,90,1
1517.57,49,7,29,7.3,Clothing,Debit Card,72,0
830.21,29,4,14,8.0,Footwear,UPI,37,0
2037.42,26,7,7,12.5,Home,Credit Card,30,0
1610.95,18,6,42,9.1,Home,UPI,38,0
487.86,32,4,52,8.7,Electronics,UPI,16,1
3930.71,22,7,17,3.2,Home,Debit Card,79,1
2005.55,38,7,9,16.7,Home,Credit Card,38,0
1107.48,17,5,7,10.3,Electronics,Credit Card,53,1
2281.75,23,4,37,7.0,Clothing,Debit Card,8,0
1252.78,24,6,34,9.4,Home,Debit Card,9,1
2081.92,8,1,19,13.4,Clothing,UPI,21,0
4774.5,41,2,11,2.9,Footwear,Credit Card,41,0
2390.18,6,1,48,4.4,Footwear,Debit Card,69,0
1285.69,5,1,2,0.8,Books,Credit Card,19,1
878.61,44,8,19,7.8,Books,Debit Card,80,0
1096.59,29,15,49,11.4,Clothing,UPI,18,1
3192.08,28,8,11,10.5,Clothing,UPI,76,1
1737.84,11,3,53,13.5,Clothing,UPI,80,1
2675.33,1,0,23,12.8,Electronics,Credit Card,5,0
1486.59,43,2,15,8.1,Clothing,UPI,67,0
940.7,19,3,59,12.1,Home,COD,71,1
2749.84,9,3,53,22.5,Home,Credit Card,32,0
1026.36,27,3,9,15.8,Books,Credit Card,78,0
1358.92,34,4,18,15.0,Electronics,Debit Card,88,0
767.59,44,4,40,5.8,Home,Credit Card,48,0
939.51,4,0,13,6.3,Footwear,Debit Card,33,0
3384.65,36,22,51,17.1,Clothing,Debit Card,69,1
3765.01,18,5,13,2.8,Clothing,UPI,72,1
3881.72,15,4,21,8.7,Home,UPI,2,0
3891.1,13,3,3,15.7,Clothing,COD,54,1
1411.17,19,8,46,8.9,Books,Credit Card,42,0
2880.66,49,17,51,7.4,Footwear,Debit Card,35,1
3778.27,6,0,58,13.5,Clothing,Debit Card,61,1
981.6,48,5,33,11.3,Clothing,Credit Card,60,0
2070.7,12,3,57,14.9,Electronics,Credit Card,49,1
1653.56,37,8,17,29.3,Footwear,COD,23,0
487.87,17,3,33,6.7,Footwear,Debit Card,68,1
2270.95,23,2,17,12.6,Footwear,Debit Card,35,0
1096.41,26,4,39,6.8,Footwear,Credit Card,14,0
3773.87,29,8,30,2.9,Home,COD,22,1
1060.35,33,5,41,7.5,Clothing,Debit Card,30,1
2276.46,27,2,19,2.1,Footwear,Debit Card,3,0
1955.74,25,8,35,3.4,Footwear,UPI,75,1
541.27,10,1,41,12.3,Clothing,Credit Card,10,0
1444.85,47,15,9,11.4,Books,UPI,67,1
2321.79,23,4,58,19.5,Home,Debit Card,41,0
3701.36,21,3,2,17.2,Electronics,Credit Card,48,0
1831.66,21,5,20,4.4,Books,UPI,50,0
3409.3,43,6,35,13.6,Books,Credit Card,69,0
2633.73,13,5,54,11.3,Home,Credit Card,58,1
2696.12,37,3,9,5.6,Clothing,Debit Card,15,0
2781.85,33,10,6,9.6,Books,Credit Card,48,1
1491.89,24,3,21,4.1,Electronics,Credit Card,6,0
904.7,44,10,22,18.5,Footwear,Debit Card,4,0
5425.3,11,2,11,11.8,Electronics,Debit Card,23,0
3095.89,17,4,38,19.8,Clothing,COD,45,0
1723.42,4,0,12,8.4,Books,UPI,65,0
2785.02,47,17,39,4.1,Home,Debit Card,56,0
2387.91,25,7,58,1.3,Home,UPI,63,1
994.37,30,7,12,4.8,Clothing,Debit Card,15,0
1427.28,9,1,32,4.7,Books,Debit Card,4,1
4575.67,21,3,30,13.6,Clothing,Debit Card,77,0
1801.35,20,7,47,9.9,Electronics,UPI,32,1
2351.15,19,1,50,15.4,Footwear,COD,9,1
4366.57,19,3,27,5.4,Clothing,COD,89,1
1797.55,12,5,18,16.5,Electronics,UPI,57,0
942.05,37,6,20,7.2,Books,Credit Card,67,0
1957.29,42,11,31,4.4,Footwear,COD,39,0
1223.12,17,2,25,1.4,Books,Credit Card,40,1
682.59,37,16,12,2.7,Footwear,Credit Card,16,0
3172.05,48,22,28,4.9,Electronics,Credit Card,81,0
1511.07,39,12,6,9.4,Electronics,Credit Card,10,0
300.0,28,6,46,4.2,Books,Credit Card,53,1
2159.14,41,9,25,30.5,Electronics,Credit Card,65,0
2177.82,35,10,5,13.1,Footwear,Credit Card,50,0
7083.69,47,15,31,3.2,Clothing,COD,29,1
1802.78,48,10,35,5.6,Footwear,COD,18,1
3817.41,18,5,53,6.3,Clothing,Debit Card,52,1
2842.94,14,3,22,10.4,Electronics,Credit Card,32,0
1196.8,35,2,51,1.5,Home,Debit Card,33,0
2307.24,44,6,10,24.0,Clothing,UPI,86,0
1611.48,41,11,55,29.2,Footwear,Debit Card,11,0
1117.2,7,2,20,11.4,Home,Credit Card,29,0
1259.42,41,10,18,19.4,Home,UPI,20,0
1145.27,13,6,33,9.7,Clothing,Credit Card,22,0
1795.82,18,1,48,6.4,Home,Debit Card,72,0
1802.07,37,9,46,3.4,Books,COD,86,0
1230.46,13,5,51,11.2,Footwear,UPI,15,1
1562.86,36,9,49,8.4,Home,Credit Card,35,0
486.3,31,4,43,13.9,Books,Credit Card,80,1
892.55,2,0,34,3.8,Home,Credit Card,34,0
1473.34,16,1,48,12.7,Clothing,COD,20,1
5826.51,9,1,30,5.4,Books,Credit Card,77,0
2816.54,9,2,45,3.7,Electronics,Debit Card,56,0
912.22,38,7,28,5.0,Books,Debit Card,51,1
5599.2,11,6,5,4.4,Clothing,UPI,77,1
1806.01,22,2,35,10.6,Clothing,Debit Card,85,1
817.1,33,5,52,13.7,Books,Credit Card,50,0
1710.87,36,3,30,2.1,Clothing,Debit Card,30,1
3603.14,45,2,31,4.7,Clothing,UPI,25,1
817.62,23,13,39,12.6,Footwear,UPI,74,1
875.42,45,16,58,14.2,Home,Debit Card,71,1
6402.37,45,9,19,9.9,Electronics,UPI,4,0
2224.97,34,10,21,7.8,Clothing,COD,63,1
1299.63,9,1,2,4.0,Clothing,Credit Card,22,1
1678.49,24,2,7,2.5,Clothing,UPI,57,0
2208.05,8,0,44,6.4,Footwear,Debit Card,54,0
1579.06,7,2,18,6.5,Electronics,Credit Card,4,1
4651.2,36,14,30,7.6,Clothing,UPI,65,1
1937.69,18,3,31,10.8,Home,UPI,48,1
2877.27,3,0,14,10.3,Books,UPI,23,1
1916.62,28,8,54,12.3,Footwear,UPI,23,1
1761.39,6,1,38,8.1,Electronics,Credit Card,6,0
3378.1,44,12,30,3.9,Footwear,Debit Card,69,0
3428.04,44,5,2,25.2,Books,UPI,64,0
576.23,21,3,50,2.9,Footwear,Debit Card,87,0
1783.81,28,9,57,3.9,Clothing,COD,71,1
7591.59,40,3,31,10.2,Books,Credit Card,5,0
1323.04,1,0,9,5.3,Footwear,Debit Card,33,0
2484.55,36,7,27,19.7,Home,UPI,26,1
4328.96,21,5,26,8.2,Footwear,UPI,59,0
832.39,43,14,47,12.1,Clothing,UPI,85,1
1392.29,35,17,45,7.1,Clothing,Debit Card,34,1
601.65,13,2,39,1.9,Footwear,Debit Card,26,1
1945.2,49,3,42,33.3,Clothing,COD,74,0
2367.01,10,0,30,9.8,Clothing,Credit Card,66,0
2836.76,44,15,50,3.9,Electronics,Credit Card,20,1
5440.59,47,7,33,7.7,Books,Debit Card,14,0
1890.24,10,2,4,14.0,Books,UPI,71,0
806.87,46,2,10,1.5,Clothing,Debit Card,74,0
975.88,13,1,6,8.2,Home,UPI,8,1
1060.4,37,4,7,6.3,Electronics,UPI,58,0
2090.97,38,12,16,3.0,Footwear,UPI,1,1
9367.32,24,4,43,14.2,Clothing,COD,31,1
1719.12,2,1,49,4.1,Footwear,Credit Card,8,1
4730.75,22,2,60,18.6,Clothing,UPI,80,1
1669.31,17,1,38,5.4,Clothing,UPI,83,0
801.84,36,6,40,12.7,Clothing,UPI,90,1
1020.99,14,2,50,10.1,Electronics,UPI,60,0
1085.33,10,1,13,9.3,Books,UPI,62,0
1659.76,35,8,23,7.8,Electronics,Debit Card,10,0
2401.59,25,4,29,8.9,Clothing,Debit Card,18,0
1140.27,3,0,57,12.6,Clothing,COD,66,1
3144.56,47,16,50,19.1,Clothing,UPI,66,1
3763.29,38,12,51,5.3,Footwear,COD,52,1
1503.65,17,5,49,29.8,Clothing,UPI,67,1
3438.18,12,6,56,15.4,Clothing,UPI,88,1
464.26,24,3,14,11.3,Electronics,UPI,9,0
346.97,29,7,52,10.7,Electronics,COD,48,1
3238.78,43,17,52,0.9,Clothing,COD,60,1
1345.69,25,7,3,29.0,Home,COD,78,1
8455.39,36,13,12,13.3,Electronics,UPI,52,0
1694.26,26,4,4,3.7,Footwear,Debit Card,43,0
897.67,38,9,30,2.0,Home,Credit Card,75,1
5888.07,1,0,11,13.5,Clothing,UPI,50,1
2861.35,20,1,29,5.5,Footwear,UPI,88,1
5346.21,28,5,48,7.6,Footwear,Debit Card,14,0
1199.22,16,1,9,7.4,Home,Debit Card,18,0
2333.48,47,17,29,7.6,Books,Debit Card,77,0
979.54,17,2,25,1.7,Clothing,Credit Card,34,1
532.66,40,18,43,17.3,Clothing,Credit Card,83,1
3040.28,28,9,5,5.4,Footwear,Debit Card,41,0
1313.19,12,1,26,6.6,Electronics,Debit Card,75,0
900.49,27,2,19,4.4,Clothing,UPI,49,0
684.24,42,6,27,14.5,Books,Debit Card,90,0
2054.75,47,12,19,4.3,Footwear,UPI,69,0
1891.07,30,13,11,3.3,Clothing,UPI,85,1
1288.94,41,9,44,12.8,Clothing,UPI,9,1
1127.85,34,12,20,6.4,Clothing,Credit Card,48,1
3091.02,37,5,29,10.6,Clothing,UPI,12,0
318.12,6,1,48,5.1,Home,COD,65,0
2812.08,7,1,51,3.4,Books,Credit Card,14,0
2504.01,32,10,9,5.9,Footwear,COD,64,0
764.13,32,5,50,15.5,Electronics,UPI,26,1
466.84,25,10,4,5.8,Home,Debit Card,7,0
2729.82,33,8,57,16.4,Books,COD,55,1
794.99,7,1,36,5.5,Books,UPI,59,0
5439.12,12,3,7,11.3,Footwear,UPI,80,0
7963.69,16,3,29,7.3,Footwear,Credit Card,79,0
2437.5,16,5,16,5.6,Footwear,UPI,56,0
1684.14,43,14,2,3.7,Electronics,UPI,68,1
1551.04,36,11,20,5.3,Footwear,COD,30,1
547.76,13,3,15,8.7,Home,Debit Card,23,1
1480.29,7,1,31,1.8,Home,Credit Card,86,1
1311.5,36,7,26,3.4,Footwear,UPI,79,1
1158.26,47,4,50,11.1,Home,UPI,17,0
2378.57,9,4,5,2.5,Footwear,UPI,2,0
1982.11,32,5,41,8.0,Electronics,Credit Card,72,1
3134.84,11,2,15,13.3,Books,Credit Card,70,0
1325.45,8,0,44,19.1,Footwear,UPI,39,0
2756.82,33,8,2,1.3,Home,COD,48,1
1818.13,23,1,53,8.3,Clothing,Credit Card,5,0
2744.85,25,11,39,24.3,Books,UPI,21,1
1712.31,8,1,19,19.8,Footwear,Debit Card,50,0
6276.87,45,12,39,2.0,Footwear,UPI,20,1
327.29,22,6,6,9.6,Books,Debit Card,71,1
2801.56,4,0,58,4.7,Books,Debit Card,79,1
3292.9,40,6,10,4.8,Footwear,COD,73,0
744.91,3,0,28,5.2,Electronics,UPI,27,1
6486.48,29,1,51,13.1,Books,UPI,2,0
1836.55,41,11,2,10.4,Books,UPI,47,0
1656.92,29,1,20,10.3,Electronics,UPI,40,1
2344.69,34,10,52,10.0,Clothing,Debit Card,89,1
3365.23,34,8,31,3.8,Footwear,Debit Card,36,1
1983.37,28,9,29,3.4,Electronics,COD,71,1
1940.06,13,0,38,2.8,Electronics,UPI,13,1
3250.25,15,6,10,7.4,Footwear,Debit Card,84,0
3562.41,23,0,16,1.3,Books,UPI,22,0
2288.39,44,12,24,10.2,Electronics,COD,18,1
611.96,26,1,49,21.5,Books,UPI,75,0
886.27,4,1,24,10.7,Books,Debit Card,6,0
3863.26,26,1,8,11.6,Books,UPI,68,0
1488.25,40,6,44,4.5,Clothing,UPI,67,0
1189.12,9,2,28,5.7,Clothing,Debit Card,52,0
2460.14,5,1,14,7.2,Clothing,COD,70,1
2255.6,32,5,18,6.9,Books,Debit Card,79,0
1552.01,20,7,14,10.2,Footwear,UPI,3,1
3042.66,11,1,38,20.1,Electronics,UPI,17,0
744.26,15,1,34,7.1,Clothing,UPI,86,0
537.7,32,2,55,17.2,Clothing,Debit Card,66,1
5176.1,28,4,39,7.9,Books,UPI,57,0
823.89,22,1,12,2.4,Footwear,COD,80,0
643.63,41,8,15,8.6,Footwear,Credit Card,22,1
1438.97,17,2,2,9.1,Electronics,Credit Card,11,0
1770.96,26,3,52,2.5,Books,Debit Card,36,0
1293.54,44,3,30,18.7,Footwear,Debit Card,53,0
1540.85,7,2,54,11.9,Books,UPI,76,0
668.5,42,7,0,15.1,Clothing,UPI,40,1
2979.88,26,4,34,15.7,Footwear,UPI,35,0
619.72,25,3,15,3.7,Clothing,Credit Card,43,0
1836.75,10,2,0,15.7,Electronics,UPI,45,0
2129.71,45,17,49,1.7,Clothing,Debit Card,41,1
2847.59,19,1,13,8.2,Electronics,UPI,64,1
2119.94,11,1,6,5.5,Clothing,COD,15,0
844.03,13,1,22,2.5,Footwear,Debit Card,44,0
1355.79,8,2,34,11.6,Clothing,COD,42,1
1104.57,40,11,28,12.7,Clothing,UPI,59,1
601.17,4,0,21,3.5,Clothing,Debit Card,85,0
2452.59,47,7,15,7.9,Footwear,COD,4,0
1064.58,31,4,28,11.2,Electronics,UPI,71,0
2006.42,28,7,5,0.8,Footwear,COD,29,1
1672.75,11,3,17,12.5,Clothing,UPI,41,0
816.39,43,5,28,3.1,Clothing,UPI,6,0
779.08,1,0,24,3.2,Footwear,Credit Card,39,0
1430.03,49,3,44,12.3,Electronics,UPI,81,0
720.93,47,5,55,3.0,Books,COD,66,0
3612.46,38,6,1,15.9,Books,UPI,81,0
4635.33,24,2,43,6.5,Footwear,Credit Card,27,1
3127.91,47,10,31,5.1,Clothing,Credit Card,7,1
2308.49,31,6,35,13.9,Footwear,Debit Card,11,0
1887.29,41,19,31,8.0,Footwear,UPI,90,1
868.26,46,18,40,8.8,Clothing,Debit Card,32,0
3226.95,26,15,19,2.6,Clothing,UPI,87,1
4720.11,49,11,54,27.3,Electronics,Debit Card,51,0
1425.67,5,1,36,22.4,Clothing,COD,40,1
1762.64,20,2,41,8.3,Footwear,UPI,7,0
1027.12,41,14,37,5.8,Books,UPI,1,0
1433.87,11,1,32,10.7,Clothing,Credit Card,25,1
749.73,33,3,51,1.8,Electronics,UPI,6,0
1476.63,38,13,4,9.8,Electronics,UPI,16,0
2447.65,27,7,5,0.4,Clothing,UPI,15,0
2270.17,34,3,21,6.2,Clothing,Credit Card,22,1
2154.86,15,1,20,2.8,Clothing,UPI,18,0
327.37,32,4,18,12.5,Clothing,Credit Card,50,0
1869.84,21,4,42,4.8,Footwear,Credit Card,72,0
2777.22,46,12,14,2.4,Footwear,Debit Card,10,0
1796.98,5,2,33,16.1,Books,COD,49,0
4002.95,6,1,46,53.8,Footwear,Credit Card,70,0
1686.17,38,6,6,7.3,Electronics,UPI,10,0
2387.52,22,6,16,10.6,Home,UPI,39,0
896.15,18,3,43,4.2,Electronics,Credit Card,58,0
2725.36,14,1,43,5.0,Footwear,COD,71,1
3136.12,10,4,4,20.3,Electronics,Debit Card,42,1
1097.17,46,7,51,11.9,Electronics,UPI,45,1
664.73,13,1,38,12.1,Clothing,COD,28,0
1318.73,31,4,1,4.5,Electronics,Debit Card,89,0
899.0,30,9,26,3.5,Clothing,UPI,73,0
2749.64,3,0,44,23.0,Clothing,Debit Card,5,0
1284.06,30,11,23,7.3,Home,UPI,57,0
2989.57,6,1,40,11.5,Clothing,Credit Card,80,1
605.07,29,8,60,3.7,Clothing,UPI,29,1
1012.52,8,2,46,1.2,Home,UPI,55,1
1059.26,44,4,27,6.1,Clothing,Debit Card,23,1
2192.82,45,9,57,23.3,Home,Debit Card,57,0
422.65,43,3,46,10.7,Home,UPI,18,0
1491.77,44,12,0,10.6,Books,UPI,26,0
1400.93,33,4,52,5.8,Clothing,Credit Card,5,0
2328.77,17,2,51,7.4,Clothing,Debit Card,8,0
1872.98,48,3,20,8.5,Home,UPI,19,0
926.9,11,2,56,9.5,Electronics,Debit Card,28,1
371.99,13,3,27,2.5,Electronics,COD,68,1
1054.2,11,1,2,17.9,Clothing,Credit Card,84,1
744.9,31,3,29,12.1,Home,UPI,50,0
775.95,28,6,0,8.8,Electronics,UPI,86,0
1080.99,44,1,58,14.2,Footwear,UPI,76,0
3204.63,6,0,50,16.5,Clothing,UPI,65,1
743.64,41,4,51,14.2,Footwear,Debit Card,8,1
493.49,16,3,44,14.8,Clothing,UPI,60,1
1205.15,4,1,46,5.0,Electronics,UPI,58,0
1487.89,35,8,44,7.7,Clothing,Credit Card,27,1
1419.89,48,11,17,15.9,Clothing,COD,85,1
1139.44,26,6,48,6.5,Electronics,UPI,33,0
1523.44,12,1,32,13.6,Clothing,Debit Card,46,1
2102.44,11,2,14,4.7,Books,Credit Card,37,1
982.0,37,7,23,4.2,Footwear,Debit Card,69,0
3646.46,25,7,35,9.6,Home,COD,15,0
1590.59,18,0,59,20.1,Books,UPI,67,0
3588.86,19,3,33,12.2,Footwear,Credit Card,28,0
2174.33,23,6,25,9.0,Clothing,Debit Card,63,0
748.31,38,3,50,12.1,Books,COD,3,0
460.14,18,2,39,10.4,Footwear,UPI,52,0
3810.41,26,2,21,4.2,Books,UPI,44,1
954.6,6,2,15,6.7,Footwear,UPI,60,0
1689.17,4,0,39,2.5,Home,Debit Card,58,0
1185.7,44,5,41,10.7,Books,COD,14,1
4627.1,29,4,15,16.5,Home,Credit Card,6,0
1715.96,34,2,4,18.3,Footwear,UPI,19,0
688.01,17,3,50,6.3,Clothing,UPI,62,1
1503.17,43,6,5,4.0,Home,Credit Card,5,0
3972.96,43,20,41,11.2,Home,COD,49,1
983.35,16,2,23,2.4,Clothing,Debit Card,51,0
605.96,2,0,29,1.8,Clothing,Debit Card,26,0
3014.33,34,14,36,12.8,Footwear,Credit Card,56,0
911.18,8,1,31,8.9,Electronics,COD,18,1
550.05,13,2,52,11.5,Clothing,Debit Card,45,1
932.93,42,6,18,2.2,Clothing,UPI,82,0
2112.34,8,2,50,25.1,Books,Debit Card,9,1
2370.34,30,14,44,2.1,Clothing,Credit Card,90,1
2300.2,32,2,27,19.8,Footwear,Debit Card,2,0
849.84,36,18,46,20.0,Home,COD,42,1
3270.83,47,3,7,15.7,Clothing,UPI,70,0
2917.65,30,12,42,12.2,Electronics,Debit Card,84,1
2447.52,1,0,0,10.9,Books,Credit Card,72,0
834.43,43,8,3,3.0,Home,COD,68,0
1146.24,39,4,56,4.1,Electronics,UPI,89,1
2201.96,17,3,21,5.9,Home,Debit Card,31,0
2649.93,20,6,21,8.7,Home,UPI,19,0
869.62,24,7,29,6.2,Home,UPI,71,1
6016.56,22,4,57,7.1,Clothing,UPI,47,1
1605.68,29,3,26,3.0,Clothing,Credit Card,37,0
3435.89,22,5,26,21.4,Footwear,COD,81,0
741.57,44,4,12,10.0,Clothing,UPI,19,0
2044.23,9,2,38,25.0,Electronics,UPI,89,0
729.69,37,10,26,2.3,Electronics,UPI,25,0
1968.02,10,1,38,2.5,Footwear,Credit Card,53,1
2447.2,36,3,37,16.2,Clothing,UPI,75,1
2544.11,37,3,56,5.8,Electronics,COD,4,1
1056.37,28,4,7,17.9,Home,Credit Card,46,0
495.55,28,6,11,14.7,Clothing,Debit Card,31,0
2218.86,42,5,23,7.5,Clothing,Debit Card,36,0
1339.42,43,18,17,3.4,Home,Debit Card,4,0
1338.94,21,2,54,3.6,Clothing,COD,2,1
928.45,24,6,14,4.7,Footwear,COD,39,1
1705.13,42,19,59,8.4,Electronics,UPI,44,0
1764.73,40,1,15,12.3,Electronics,COD,90,1
3705.27,2,0,32,3.5,Footwear,Credit Card,19,0
431.56,8,0,9,4.0,Books,UPI,41,0
701.38,48,6,46,3.7,Clothing,Credit Card,38,1
2442.91,27,2,23,34.4,Footwear,UPI,74,1
379.13,22,2,44,5.4,Electronics,Credit Card,65,0
1067.43,37,14,18,10.5,Clothing,Debit Card,35,0
9332.06,27,6,26,15.4,Electronics,UPI,11,1
1457.66,29,7,44,4.0,Books,UPI,59,0
2888.77,3,0,40,11.7,Clothing,COD,78,1
545.54,44,13,30,11.6,Clothing,Credit Card,70,1
2890.15,13,1,20,3.5,Home,UPI,43,0
1359.55,45,6,15,5.4,Electronics,COD,89,0
2167.94,10,1,22,11.7,Clothing,COD,87,1
2614.33,36,11,13,7.0,Electronics,UPI,5,0
1235.06,9,1,22,16.7,Books,UPI,26,1
2489.2,27,4,40,2.5,Clothing,COD,82,1
807.96,34,5,17,17.9,Books,UPI,32,0
1838.49,1,0,35,7.4,Electronics,Credit Card,47,1
2547.89,32,4,11,6.3,Electronics,UPI,56,0
1213.66,25,1,55,12.6,Books,Debit Card,85,1
902.42,29,14,36,6.6,Footwear,UPI,90,0
1286.47,7,2,10,8.9,Clothing,Credit Card,50,1
3797.62,49,2,4,14.5,Footwear,UPI,74,0
3411.09,3,0,50,10.3,Clothing,UPI,58,1
3015.63,20,1,20,15.8,Footwear,UPI,28,0
5195.16,20,2,31,6.1,Footwear,UPI,79,0
1816.03,30,11,28,10.4,Electronics,COD,55,0
2044.94,35,8,6,22.2,Books,COD,58,1
448.06,35,4,35,1.9,Clothing,Debit Card,40,1
956.22,49,21,39,10.9,Electronics,Credit Card,58,1
2586.42,39,2,26,13.8,Clothing,UPI,72,0
3320.12,27,4,5,20.8,Books,UPI,46,0
731.48,26,5,37,10.7,Clothing,UPI,74,1
1693.98,14,4,53,11.7,Footwear,Debit Card,45,0
8197.55,17,3,3,4.8,Books,UPI,10,0
1700.37,18,3,45,18.5,Footwear,COD,82,1
4971.04,45,2,34,12.7,Footwear,Debit Card,48,0
2305.61,29,7,9,4.7,Clothing,COD,62,1
2678.35,20,2,53,4.2,Footwear,Credit Card,28,1
956.58,27,15,37,6.7,Clothing,Credit Card,20,1
586.24,18,1,49,8.5,Books,UPI,88,0
2997.95,4,2,29,7.8,Electronics,Credit Card,70,0
2241.66,1,0,41,8.0,Clothing,COD,41,1
1886.35,1,1,8,6.6,Electronics,UPI,6,1
714.1,26,10,15,8.0,Clothing,UPI,11,0
1408.48,45,10,51,16.1,Electronics,UPI,30,1
1174.19,20,3,3,12.6,Home,COD,3,0
1257.49,23,11,25,2.2,Books,UPI,72,1
2121.62,10,2,28,17.3,Footwear,Debit Card,33,0
2964.19,11,2,27,10.6,Electronics,UPI,54,1
2208.91,41,5,10,3.4,Clothing,COD,47,0
2071.7,41,3,27,8.9,Books,Credit Card,83,1
1957.58,5,2,43,4.6,Electronics,UPI,10,1
1599.84,1,0,31,4.6,Footwear,Debit Card,19,1
1010.84,17,9,23,6.6,Clothing,Debit Card,9,1
1868.32,22,7,50,17.2,Books,Credit Card,7,0
3050.6,34,13,41,5.3,Clothing,Debit Card,61,1
1667.85,45,11,38,13.1,Electronics,UPI,14,1
949.32,41,1,6,30.6,Home,COD,2,1
782.93,29,7,17,40.7,Clothing,UPI,22,0
927.37,4,1,2,6.8,Footwear,UPI,60,0
811.91,5,1,43,3.0,Electronics,UPI,45,1
13682.16,11,0,45,11.2,Footwear,UPI,20,1
978.08,21,1,19,12.6,Clothing,Credit Card,26,1
1760.05,35,1,33,16.4,Footwear,Credit Card,59,0
1701.49,12,4,29,11.2,Books,Credit Card,68,0
4862.56,26,6,8,2.7,Books,UPI,39,1
2441.97,19,9,9,0.9,Home,UPI,23,1
2433.65,45,9,58,18.2,Home,Debit Card,80,0
2042.79,7,1,5,15.0,Footwear,Debit Card,25,0
2191.99,47,6,16,3.6,Electronics,UPI,73,0
2265.56,7,1,14,3.4,Footwear,Credit Card,53,0
1165.39,26,2,32,26.1,Electronics,UPI,11,0
951.32,40,2,55,16.6,Clothing,Debit Card,25,0
1883.81,5,1,58,6.7,Home,COD,31,1
1241.6,21,3,53,4.2,Footwear,UPI,46,0
2057.11,14,5,12,6.5,Clothing,Debit Card,27,0
849.39,4,1,41,5.4,Home,UPI,63,1
644.43,23,2,43,12.7,Books,UPI,47,0
738.39,42,11,54,9.8,Footwear,Credit Card,14,0
1716.92,20,8,21,4.9,Footwear,Credit Card,23,1
583.53,15,7,15,13.5,Clothing,Debit Card,16,1
7078.11,45,8,33,4.4,Books,Debit Card,20,0
7090.86,29,8,2,5.0,Clothing,COD,3,0
3360.5,8,1,7,7.1,Books,Credit Card,6,0
1396.07,41,4,19,16.8,Books,Credit Card,29,0
1288.82,48,12,60,4.5,Home,Credit Card,4,0
2225.14,19,4,46,14.7,Home,UPI,65,0
2745.27,48,22,23,25.9,Clothing,Credit Card,8,1
2224.71,39,20,50,5.6,Books,Debit Card,48,1
722.46,46,1,17,15.6,Home,UPI,84,0
1582.98,28,7,22,18.0,Clothing,COD,16,1
2626.18,46,4,0,43.1,Electronics,Debit Card,47,0
346.17,27,3,58,11.6,Footwear,Debit Card,31,0
834.04,4,0,50,7.4,Home,COD,29,1
2612.62,15,1,1,22.2,Books,Credit Card,76,1
1453.17,35,4,4,13.7,Home,UPI,68,1
1454.2,37,5,17,12.9,Clothing,Debit Card,43,1
3928.09,1,0,15,11.8,Clothing,COD,34,1
1741.2,3,1,9,26.8,Footwear,UPI,6,0
1298.0,47,14,52,5.4,Footwear,UPI,49,1
1456.8,24,4,28,15.8,Clothing,UPI,60,1
1490.77,27,3,34,11.9,Footwear,UPI,51,0
1008.1,40,18,24,19.0,Footwear,COD,9,0
1547.24,36,8,41,5.1,Footwear,UPI,5,1
814.09,34,7,56,2.9,Footwear,Debit Card,64,0
1431.78,29,6,23,26.8,Footwear,COD,16,1
1259.84,24,8,12,1.7,Electronics,Debit Card,59,0
2125.89,24,5,20,4.7,Books,UPI,56,1
5219.55,42,2,41,2.2,Clothing,Debit Card,65,1
2168.3,4,0,42,17.1,Home,COD,84,1
1943.42,3,0,38,3.7,Electronics,UPI,35,0
2129.59,34,7,33,10.8,Footwear,UPI,10,0
988.34,49,5,18,3.7,Books,COD,89,0
2955.34,23,6,27,2.7,Electronics,Credit Card,47,1
2403.02,23,7,26,25.4,Books,Credit Card,35,1
1751.99,45,10,49,13.6,Electronics,COD,62,1
2318.06,5,0,25,6.3,Electronics,Debit Card,33,0
2274.13,31,3,10,9.1,Books,UPI,15,0
2277.02,41,17,48,2.8,Home,Credit Card,85,1
3626.37,6,3,34,30.4,Electronics,UPI,35,0
1063.49,37,16,19,4.6,Books,UPI,10,0
4527.15,10,3,11,14.8,Footwear,Credit Card,80,0
588.83,40,18,56,2.3,Electronics,UPI,20,1
2873.61,7,0,27,9.9,Books,COD,8,1
2033.33,39,4,1,12.0,Clothing,UPI,8,0
921.46,38,11,56,8.2,Clothing,Credit Card,13,0
3715.88,21,1,0,14.4,Home,Debit Card,88,0
508.03,20,4,8,6.4,Home,Debit Card,76,0
5640.09,3,0,21,4.8,Footwear,Credit Card,59,1
8775.95,22,9,55,8.5,Books,Credit Card,81,1
1612.85,47,9,50,3.0,Books,COD,47,0
880.59,4,0,39,3.1,Clothing,UPI,60,0
1206.63,28,11,26,4.6,Books,Debit Card,41,1
3578.07,12,1,8,22.8,Clothing,COD,52,1
1442.8,38,8,6,7.7,Clothing,UPI,76,0
300.0,36,12,35,32.7,Books,COD,54,1
2364.68,47,3,53,7.2,Home,Debit Card,36,0
3380.19,41,6,47,4.8,Clothing,Credit Card,77,1
2591.57,5,0,37,24.7,Footwear,UPI,69,1
2896.69,13,3,49,4.6,Footwear,COD,13,1
5558.96,23,8,1,7.0,Electronics,UPI,72,0
1559.28,30,5,42,2.7,Books,Credit Card,11,0
6019.91,37,8,4,19.9,Home,Debit Card,8,0
1622.85,25,8,16,8.0,Home,Debit Card,31,1
3978.48,48,5,36,19.3,Footwear,UPI,62,0
1636.5,27,3,57,12.2,Clothing,UPI,12,1
7531.23,14,3,34,7.8,Books,Debit Card,11,1
2845.64,48,10,50,10.8,Clothing,Credit Card,17,0
1690.33,47,5,7,21.4,Electronics,UPI,27,0
780.78,36,12,42,9.0,Books,UPI,77,1
2088.81,39,7,2,7.1,Books,Credit Card,13,0
1018.93,16,5,2,1.2,Footwear,Credit Card,86,0
2461.93,22,7,0,11.8,Electronics,COD,44,1
2867.73,21,3,23,8.0,Clothing,UPI,58,1
3745.28,21,4,44,23.7,Clothing,COD,88,1
2634.36,8,1,29,2.7,Footwear,COD,30,1
1912.26,49,6,41,12.0,Home,Credit Card,13,1
4569.68,16,2,25,1.9,Home,UPI,8,0
4955.87,31,11,37,6.6,Footwear,COD,69,1
865.32,42,8,42,22.5,Footwear,UPI,64,0
6207.13,10,1,39,22.2,Home,Credit Card,52,0
4274.11,32,2,50,11.6,Home,Credit Card,6,1
995.08,34,2,42,11.7,Books,Debit Card,71,0
485.22,9,1,37,16.0,Books,Credit Card,54,1
4201.22,17,7,43,8.0,Electronics,Credit Card,22,1
2088.86,11,3,49,7.3,Books,COD,63,1
1314.56,32,6,2,2.7,Clothing,COD,79,1
2252.39,10,4,12,9.1,Books,Credit Card,37,1
4148.05,22,5,35,3.0,Home,Credit Card,56,0
436.11,17,1,40,6.2,Footwear,Debit Card,41,0
1975.01,4,0,47,16.8,Clothing,Debit Card,60,1
1882.17,48,8,11,11.1,Electronics,UPI,20,0
5153.95,47,6,19,4.4,Electronics,Credit Card,69,0
3229.15,25,5,38,5.9,Books,UPI,45,1
3208.18,21,6,43,9.5,Clothing,Credit Card,58,1
1325.18,37,4,7,13.0,Footwear,Debit Card,76,0
2889.11,38,20,52,3.9,Books,UPI,37,1
1287.42,49,11,46,20.4,Clothing,UPI,39,0
1675.52,1,0,1,8.7,Home,Credit Card,3,0
2701.93,25,4,10,3.8,Clothing,Debit Card,77,1
1919.4,36,10,55,4.7,Clothing,Debit Card,75,0
2256.04,17,3,20,19.8,Books,UPI,74,0
4532.96,41,4,36,13.3,Footwear,UPI,73,0
1400.41,24,6,54,17.2,Electronics,Debit Card,38,0
874.52,2,0,5,11.3,Footwear,Credit Card,46,0
958.4,40,6,18,4.0,Books,Credit Card,49,0
822.93,15,2,29,20.2,Electronics,Credit Card,34,0
5570.29,32,5,45,3.5,Clothing,Credit Card,26,1
2858.26,39,7,38,9.3,Home,Credit Card,2,1
3825.23,6,1,43,2.6,Books,COD,56,0
3374.15,1,0,48,6.1,Home,COD,7,0
1573.59,47,10,35,6.5,Clothing,UPI,36,0
5658.54,23,3,19,3.4,Footwear,Credit Card,40,1
1114.73,39,9,53,4.5,Home,Credit Card,78,0
7395.74,17,2,53,10.4,Electronics,UPI,26,0
1971.6,34,2,9,5.6,Footwear,Credit Card,84,0
6323.85,41,4,23,49.6,Home,Credit Card,75,1
867.51,29,5,59,13.8,Home,Debit Card,90,0
1336.74,9,2,32,14.7,Electronics,UPI,69,0
588.73,13,2,28,17.5,Clothing,UPI,16,0
3750.23,6,1,54,11.7,Footwear,UPI,75,0
2158.68,6,1,29,4.9,Home,Debit Card,9,0
7417.73,20,3,35,14.6,Home,COD,22,0
1288.47,3,0,44,6.9,Clothing,Credit Card,5,1
4609.89,17,1,5,2.9,Electronics,Credit Card,84,0
1912.07,49,4,57,12.5,Footwear,UPI,43,0
1693.15,12,2,46,11.5,Books,Credit Card,30,0
1476.5,48,4,13,14.8,Home,Credit Card,74,0
1000.64,47,8,56,8.0,Footwear,UPI,32,1
2349.54,45,11,2,16.1,Books,Debit Card,88,0
2096.39,1,0,23,3.6,Clothing,UPI,17,0
601.32,17,8,18,1.9,Footwear,Debit Card,67,1
311.73,3,1,37,9.3,Electronics,Credit Card,26,0
1452.3,26,9,33,5.7,Books,COD,12,1
4078.14,15,2,8,4.3,Footwear,UPI,37,0
2112.12,36,4,29,7.2,Clothing,UPI,42,0
726.4,32,17,31,13.2,Electronics,COD,57,1
522.33,32,8,12,0.4,Clothing,UPI,12,0
4057.64,4,0,17,6.3,Electronics,Credit Card,46,0
568.43,18,1,43,24.3,Clothing,UPI,27,0
3076.47,49,15,52,2.5,Books,Credit Card,78,1
2692.78,19,5,21,5.4,Electronics,Credit Card,7,0
5677.48,43,9,3,19.5,Footwear,Debit Card,38,0
1163.97,35,8,59,7.6,Electronics,UPI,48,1
3489.5,40,7,22,10.2,Home,Debit Card,42,1
4817.02,14,1,60,6.5,Footwear,Credit Card,27,0
709.11,33,12,6,20.6,Clothing,Credit Card,10,1
1984.54,14,3,43,5.1,Books,Credit Card,42,0
1757.64,34,6,54,9.0,Home,COD,58,0
858.64,4,0,10,15.0,Books,Debit Card,41,0
2175.51,24,3,38,4.4,Electronics,UPI,9,1
797.68,29,5,60,2.3,Clothing,Debit Card,46,0
2362.59,19,1,57,0.9,Books,Credit Card,82,1
8280.28,6,0,58,13.1,Home,COD,54,1
1567.19,33,8,41,3.3,Home,UPI,59,1
1691.85,49,4,40,11.6,Footwear,UPI,13,0
4873.44,40,6,33,11.1,Home,Credit Card,86,0
4366.17,19,2,4,3.1,Home,Debit Card,16,0
1173.39,1,0,41,9.6,Electronics,UPI,45,0
2927.05,5,1,24,30.1,Footwear,UPI,32,0
300.0,27,1,27,13.6,Home,Debit Card,40,0
895.26,16,1,60,45.7,Electronics,UPI,90,1
3823.48,6,0,13,5.6,Clothing,UPI,44,1
1265.02,40,3,26,10.0,Clothing,Debit Card,83,1
1571.47,13,0,15,4.1,Books,COD,47,0
946.69,48,10,26,24.4,Home,Debit Card,70,1
846.15,35,2,1,6.8,Footwear,Credit Card,60,1
315.03,19,4,18,3.0,Home,UPI,35,1
1402.2,12,3,22,9.9,Clothing,Debit Card,75,0
2504.71,16,1,40,5.3,Books,UPI,60,0
2149.08,43,3,13,11.4,Clothing,UPI,37,0
1009.88,10,2,46,7.8,Home,UPI,22,1
664.95,25,3,50,13.8,Clothing,Debit Card,13,0
1391.71,20,1,25,1.1,Electronics,Credit Card,16,0
713.17,31,6,7,8.6,Clothing,COD,90,1
1056.48,4,1,26,4.1,Clothing,UPI,86,0
1979.05,44,9,46,17.6,Home,Debit Card,60,1
982.35,23,4,39,22.9,Footwear,Credit Card,42,1
4448.94,2,1,27,5.1,Electronics,UPI,13,1
869.51,22,5,3,11.5,Books,Credit Card,87,0
1184.0,37,7,58,3.8,Clothing,Debit Card,63,1
3277.42,8,2,60,10.7,Books,Credit Card,32,1
2931.58,7,2,37,3.9,Books,UPI,23,0
2595.76,14,1,10,11.2,Footwear,COD,43,1
1156.75,3,0,43,12.4,Electronics,UPI,32,0
2721.37,16,3,23,25.9,Footwear,COD,28,1
3147.76,19,5,27,2.3,Home,Debit Card,33,0
2463.12,18,4,40,11.8,Clothing,Debit Card,26,1
1767.54,16,8,17,1.5,Clothing,UPI,81,1
2708.0,8,1,48,7.9,Home,Credit Card,42,1
1714.64,33,3,20,7.6,Footwear,Credit Card,29,0
2398.86,49,7,25,7.5,Electronics,UPI,2,0
1904.99,12,2,2,2.1,Books,UPI,34,1
627.99,11,1,58,8.2,Books,UPI,38,0
1201.58,5,2,12,8.0,Clothing,UPI,12,1
7756.78,27,7,37,0.9,Electronics,UPI,52,1
465.83,12,1,27,1.3,Footwear,UPI,21,0
5359.18,17,6,13,9.6,Clothing,Debit Card,40,1
2801.39,6,1,58,16.7,Electronics,Debit Card,67,1
1851.88,33,8,0,9.2,Books,COD,49,1
557.64,5,1,27,10.1,Books,UPI,26,0
1806.59,28,3,58,4.6,Clothing,Debit Card,52,1
1072.31,14,1,35,7.5,Home,Credit Card,62,0
4155.9,5,1,53,2.2,Electronics,Credit Card,69,0
1133.78,33,7,49,12.0,Clothing,Credit Card,61,1
1490.58,48,19,10,3.7,Electronics,Debit Card,84,0
2148.07,41,3,42,2.4,Electronics,UPI,46,0
1151.51,19,4,39,8.2,Footwear,UPI,72,0
3536.93,22,7,3,17.7,Home,UPI,29,0
1469.79,5,1,33,9.2,Clothing,UPI,50,1
484.64,2,0,0,17.6,Footwear,Credit Card,2,0
2009.29,30,2,55,5.6,Clothing,Credit Card,64,1
3181.67,47,5,9,10.0,Home,Debit Card,66,0
4947.42,39,7,16,6.8,Clothing,UPI,43,0
2662.09,4,1,6,13.1,Electronics,Debit Card,87,0
4052.93,33,1,38,11.0,Electronics,UPI,10,0
2549.1,13,3,12,4.2,Electronics,UPI,53,0
923.72,20,5,21,26.7,Clothing,Debit Card,83,1
1046.43,7,1,55,2.6,Electronics,Debit Card,28,0
361.72,15,4,57,9.0,Home,Credit Card,2,1
1553.4,23,3,0,3.8,Books,UPI,29,0
2855.42,14,1,27,8.0,Clothing,COD,52,0
599.16,23,4,32,3.5,Clothing,COD,14,1
4472.85,19,2,12,7.9,Footwear,Credit Card,28,0
1682.52,29,6,0,9.7,Books,COD,1,1
965.39,20,3,37,12.9,Electronics,UPI,59,0
597.02,29,7,54,1.5,Footwear,Credit Card,44,1
5783.35,24,10,57,5.4,Clothing,COD,80,1
4135.93,18,3,24,14.4,Footwear,Credit Card,85,0
1363.23,10,3,41,10.6,Clothing,Credit Card,78,1
3464.44,41,2,20,35.9,Electronics,UPI,43,0
1561.36,8,2,32,5.3,Clothing,UPI,17,1
1184.29,26,8,56,27.2,Electronics,UPI,54,1
1144.51,29,11,36,13.9,Clothing,Credit Card,15,1
1536.87,10,1,53,19.6,Footwear,UPI,48,1
1367.87,17,2,56,4.1,Footwear,UPI,46,0
1887.53,2,0,33,10.8,Footwear,Credit Card,49,0
5573.86,6,2,2,9.5,Electronics,Debit Card,36,1
8909.17,5,0,29,5.7,Electronics,Debit Card,14,0
779.15,28,2,54,17.5,Home,Debit Card,3,0
2493.95,41,5,2,7.8,Clothing,Credit Card,6,1
2093.81,5,1,17,13.7,Books,UPI,22,1
2621.04,18,3,22,2.4,Books,Debit Card,22,0
1319.32,26,3,7,9.7,Electronics,UPI,36,0
2646.19,20,1,8,14.9,Books,Credit Card,71,0
688.3,41,10,1,4.9,Footwear,Credit Card,50,0
19294.4,49,9,60,7.4,Footwear,Credit Card,76,1
2215.93,27,5,1,7.9,Books,UPI,80,0
3013.99,49,19,26,7.9,Clothing,UPI,69,0
826.52,12,2,47,3.4,Home,Credit Card,35,0
1111.42,7,1,38,15.2,Footwear,UPI,9,1
646.77,3,1,35,6.3,Home,COD,29,0
5011.04,10,1,4,12.7,Footwear,COD,27,0
831.48,34,9,0,8.9,Electronics,Credit Card,57,0
1584.16,25,3,21,3.8,Clothing,COD,74,0
1634.17,35,4,9,10.5,Books,Debit Card,89,0
2518.05,16,3,44,4.8,Clothing,UPI,59,1
731.65,2,0,23,6.1,Clothing,Credit Card,42,0
3300.17,24,2,58,1.7,Clothing,UPI,53,1
4322.06,10,1,14,14.9,Electronics,Debit Card,38,1
1139.07,38,6,32,2.3,Electronics,UPI,89,0
1762.32,22,5,49,15.1,Clothing,Debit Card,4,0
2803.38,26,2,22,7.7,Clothing,Credit Card,52,0
2162.24,43,4,13,9.1,Books,UPI,44,1
898.02,39,9,17,5.5,Footwear,COD,23,0
2953.91,27,6,24,2.4,Footwear,COD,74,1
5212.87,29,3,21,18.5,Clothing,COD,70,1
5201.42,47,4,43,4.1,Books,Debit Card,77,0
2704.55,38,10,43,21.9,Footwear,Debit Card,69,1
3090.79,20,6,36,26.0,Electronics,UPI,60,0
1376.87,27,8,6,12.3,Clothing,UPI,4,1
951.4,41,4,25,7.1,Home,UPI,3,1
1723.14,20,1,23,2.6,Home,UPI,23,0
8822.89,44,5,12,13.8,Books,UPI,37,0
1246.76,19,1,40,18.7,Clothing,Credit Card,18,0
2450.6,20,3,5,8.4,Books,UPI,5,0
2355.32,35,7,20,8.2,Clothing,UPI,41,0
1391.28,47,13,6,11.3,Electronics,Debit Card,38,1
5107.87,2,0,17,4.6,Clothing,UPI,47,0
5498.15,30,13,14,1.6,Electronics,UPI,82,1
11695.27,34,16,7,10.1,Footwear,Credit Card,72,1
1033.92,22,7,59,2.0,Books,UPI,12,0
2404.19,3,1,51,7.4,Books,COD,30,1
1923.67,6,1,15,4.9,Footwear,Debit Card,86,0
1118.24,15,3,48,6.0,Footwear,Credit Card,6,0
1134.18,27,4,2,6.5,Books,UPI,61,0
2032.0,10,2,44,11.6,Footwear,UPI,72,1
1303.95,9,1,8,5.3,Books,Debit Card,64,0
910.72,33,10,51,8.7,Books,COD,69,1
1971.42,32,8,46,3.1,Clothing,Credit Card,11,1
833.48,48,10,25,3.9,Electronics,Debit Card,62,0
1304.47,6,1,25,12.2,Clothing,UPI,17,0
2329.09,41,2,29,5.3,Books,Credit Card,77,1
1644.9,36,4,26,3.3,Home,UPI,20,0
1509.91,2,0,15,8.8,Footwear,UPI,26,0
6413.75,29,6,47,7.6,Electronics,Credit Card,59,0
4826.3,4,0,50,20.3,Electronics,UPI,25,1
1915.47,1,0,3,11.0,Books,Debit Card,18,0
888.89,19,4,50,3.4,Clothing,COD,29,0
3189.22,26,6,18,1.8,Footwear,UPI,67,0
10596.99,25,4,33,7.6,Books,UPI,35,1
4700.83,10,3,5,14.7,Books,UPI,15,0
727.72,15,5,44,7.5,Footwear,UPI,51,1
1574.43,22,3,14,7.8,Clothing,Credit Card,3,0
1082.37,48,11,9,2.4,Home,UPI,21,0
945.53,21,1,53,4.8,Clothing,Credit Card,61,1
4001.93,22,8,41,1.3,Footwear,Debit Card,3,0
3943.31,36,2,35,11.2,Electronics,UPI,53,1
6265.47,34,6,45,9.7,Home,Debit Card,35,1
2906.91,30,7,39,8.2,Books,COD,50,0
1752.25,25,6,5,3.9,Books,UPI,8,0
2062.19,45,6,43,3.0,Clothing,Credit Card,48,0
959.19,28,4,39,9.7,Footwear,Credit Card,3,0
4717.67,1,0,5,9.4,Clothing,Debit Card,54,0
1076.16,49,9,14,13.1,Clothing,UPI,75,1
1358.28,45,3,28,9.4,Clothing,Debit Card,2,1
1461.79,4,1,24,12.4,Home,Credit Card,33,1
300.0,7,3,18,9.5,Electronics,Credit Card,72,1
3318.58,49,7,13,16.6,Clothing,Debit Card,12,1
931.3,9,2,2,5.7,Footwear,COD,19,0
2929.66,36,5,49,9.4,Clothing,Debit Card,18,0
1320.82,19,4,41,11.8,Electronics,COD,50,0
1312.65,1,0,45,8.0,Footwear,UPI,85,0
830.98,10,1,13,0.8,Footwear,UPI,22,0
4778.62,36,7,53,11.4,Footwear,Credit Card,30,1
5585.14,9,0,38,4.7,Clothing,UPI,82,0
3640.67,45,6,38,3.6,Clothing,Debit Card,6,0
2176.73,46,4,20,2.6,Clothing,UPI,1,1
1988.24,42,20,53,13.4,Electronics,Credit Card,9,1
3868.47,32,8,54,8.4,Electronics,Debit Card,52,0
1655.76,32,4,10,2.9,Home,Credit Card,80,0
4547.62,6,2,49,3.3,Electronics,UPI,29,1
921.64,48,3,9,7.7,Electronics,COD,62,1
3594.31,38,11,14,2.9,Electronics,Debit Card,29,0
4445.13,17,2,29,8.4,Clothing,Credit Card,5,1
838.25,10,2,43,15.1,Clothing,Debit Card,83,1
1004.94,27,2,54,17.1,Electronics,Credit Card,22,0
1752.63,35,0,16,13.5,Electronics,UPI,49,0
2431.31,21,6,53,21.2,Books,UPI,8,0
1173.43,25,3,55,8.8,Books,Debit Card,82,0
1928.58,28,10,28,28.3,Home,UPI,78,1
425.66,47,12,16,24.7,Clothing,Debit Card,68,0
3088.67,15,4,32,9.2,Clothing,UPI,40,1
3192.07,4,1,37,5.7,Footwear,Debit Card,24,0
5243.27,29,8,20,6.1,Clothing,UPI,76,1
2701.71,9,2,46,1.4,Footwear,Credit Card,13,0
1395.42,27,3,50,5.7,Footwear,Debit Card,50,1
888.89,26,2,13,2.1,Footwear,Debit Card,45,0
1023.32,19,2,9,14.5,Clothing,Debit Card,4,1
1699.05,28,7,60,1.8,Clothing,Credit Card,90,1
999.46,17,7,41,11.1,Home,Credit Card,63,0
1055.85,43,5,22,5.6,Home,UPI,65,0
1760.86,41,11,38,14.3,Footwear,UPI,27,0
585.15,42,6,38,6.2,Clothing,Debit Card,87,0
903.67,20,4,13,11.5,Home,COD,63,0
2106.76,45,6,46,11.0,Books,Credit Card,11,0
2178.84,40,5,21,5.4,Footwear,Debit Card,42,0
3312.37,39,12,51,9.5,Clothing,Debit Card,85,1
2015.18,49,2,40,11.9,Home,COD,86,0
1847.61,23,5,27,14.3,Footwear,Debit Card,38,0
2824.03,47,3,46,1.1,Books,Credit Card,70,0
2065.67,32,6,8,2.1,Home,UPI,89,1
915.55,47,13,22,12.5,Home,UPI,62,0
1033.09,33,9,6,5.3,Footwear,UPI,4,0
5846.53,46,4,23,8.3,Electronics,COD,34,1
17186.66,5,0,42,1.3,Clothing,Credit Card,26,0
3026.83,43,0,36,28.5,Electronics,Credit Card,54,0
892.57,48,3,58,3.3,Clothing,COD,27,1
6831.34,34,14,8,9.7,Home,Debit Card,39,1
1337.87,40,12,37,4.0,Clothing,Debit Card,85,1
2434.35,11,3,6,17.4,Electronics,UPI,21,0
1782.4,3,0,59,14.4,Clothing,UPI,54,0
2059.43,33,6,22,15.7,Electronics,UPI,56,1
1328.5,11,1,24,11.2,Home,Debit Card,63,0
4485.11,16,2,54,13.3,Home,Credit Card,42,0
1589.04,18,4,45,5.2,Home,UPI,26,1
2776.34,30,12,50,18.5,Electronics,Debit Card,69,0
2734.64,48,18,21,7.1,Electronics,UPI,20,1
1673.54,10,5,53,3.4,Books,Credit Card,72,1
630.62,18,3,42,7.1,Electronics,Debit Card,82,0
1013.14,38,5,59,6.0,Footwear,Credit Card,53,0
2976.14,19,4,6,7.5,Home,COD,69,0
2242.15,36,6,5,3.4,Clothing,Credit Card,68,0
1021.96,13,3,35,13.9,Footwear,UPI,5,0
1864.21,46,4,45,4.1,Clothing,UPI,16,1
2093.85,3,0,21,9.5,Books,Credit Card,9,0
2718.77,10,2,34,10.9,Clothing,COD,25,1
6465.18,38,8,48,10.6,Clothing,COD,57,1
365.76,1,0,46,11.2,Footwear,COD,38,1
4219.57,27,7,32,3.3,Electronics,Credit Card,8,0
2104.92,46,3,20,12.4,Footwear,Credit Card,65,0
879.02,8,1,10,2.7,Footwear,Credit Card,31,0
2029.25,46,7,12,1.8,Electronics,Credit Card,33,0
4976.53,42,9,55,8.0,Electronics,UPI,55,1
6136.36,17,1,2,5.6,Electronics,UPI,69,0
884.65,9,1,12,11.9,Electronics,Credit Card,82,1
998.23,6,1,49,18.4,Clothing,UPI,36,0
731.36,43,4,55,12.4,Home,COD,84,1
2128.38,25,11,40,3.6,Electronics,Debit Card,24,0
2203.16,39,2,56,4.0,Electronics,Credit Card,61,0
3609.22,49,24,33,3.8,Clothing,UPI,83,1
2462.47,28,3,27,12.8,Footwear,Credit Card,28,1
3379.38,33,9,39,7.4,Home,Credit Card,60,1
684.81,37,18,33,10.0,Books,Credit Card,79,0
6166.8,9,1,31,2.8,Clothing,Debit Card,73,0
4483.07,18,4,22,10.0,Electronics,COD,39,0
1248.33,21,2,23,5.6,Clothing,Debit Card,31,0
1042.05,2,0,0,22.4,Clothing,Credit Card,1,0
3048.36,43,12,23,2.8,Home,UPI,13,1
605.99,38,8,2,2.3,Footwear,Credit Card,66,0
1080.69,40,1,60,6.6,Clothing,COD,42,1
880.57,36,3,16,6.2,Home,Debit Card,37,0
1689.55,43,2,6,17.8,Books,UPI,57,0
1325.07,37,6,9,5.2,Books,Debit Card,35,1
1043.37,15,6,18,27.6,Clothing,UPI,37,1
974.02,28,12,23,7.2,Electronics,Credit Card,75,0
1155.93,18,3,8,3.8,Electronics,Debit Card,82,1
785.98,34,3,49,5.5,Clothing,Credit Card,20,1
2643.53,22,10,14,12.0,Clothing,Credit Card,66,1
3977.11,11,5,48,10.8,Books,UPI,88,1
2394.85,13,2,55,20.9,Clothing,UPI,80,1
4759.82,4,0,57,2.1,Footwear,Debit Card,23,1
1003.86,22,3,21,5.6,Home,Debit Card,55,0
1070.56,7,0,57,36.6,Clothing,Debit Card,57,1
2464.11,43,6,16,4.3,Clothing,UPI,50,1
2698.81,24,1,18,16.2,Footwear,Debit Card,38,0
1827.5,4,0,8,0.7,Home,UPI,47,0
1776.9,28,4,56,4.2,Books,UPI,30,1
857.23,15,6,37,10.7,Home,Credit Card,68,0
300.0,1,0,18,10.9,Home,Credit Card,43,0
2671.28,3,0,7,9.7,Footwear,UPI,27,0
3594.92,14,2,5,10.5,Electronics,UPI,82,0
1332.36,38,18,48,16.0,Home,Credit Card,64,0
1228.46,1,0,37,7.4,Books,UPI,6,0
1140.08,38,1,44,20.4,Clothing,UPI,31,0
1390.43,38,13,20,8.1,Clothing,Credit Card,76,1
3656.89,21,3,55,7.4,Footwear,UPI,87,1
939.81,48,5,28,1.4,Books,Credit Card,29,0
2840.77,29,3,33,17.9,Electronics,COD,3,0
1276.14,5,1,11,1.9,Home,UPI,82,1
447.73,49,15,38,14.9,Home,COD,86,1
1421.83,10,3,31,12.2,Home,UPI,20,1
5696.44,28,7,5,20.0,Footwear,UPI,80,0
1119.05,21,7,16,1.4,Books,Debit Card,58,0
1531.42,7,1,31,23.2,Electronics,Debit Card,57,0
1818.3,3,0,59,5.5,Clothing,Credit Card,71,1
2075.9,45,14,7,4.5,Clothing,UPI,4,0
5322.2,47,6,37,2.9,Electronics,Debit Card,42,0
1037.89,20,7,28,6.7,Clothing,COD,34,1
1821.54,19,1,30,9.4,Electronics,COD,18,0
3074.98,35,7,18,11.1,Home,Credit Card,65,0
1096.77,4,0,52,5.0,Clothing,Debit Card,25,0
1902.96,5,1,54,4.4,Home,Debit Card,45,0
3595.66,1,0,8,24.4,Clothing,Debit Card,14,0
1256.59,4,1,51,9.6,Electronics,COD,11,1
1601.57,12,2,27,11.4,Electronics,Debit Card,52,1
807.46,27,2,47,14.8,Clothing,Debit Card,8,1
3508.15,42,6,49,10.5,Electronics,UPI,60,1
2020.27,23,9,50,4.8,Clothing,Credit Card,42,0
1342.4,25,4,38,2.9,Footwear,COD,16,1
1457.05,21,1,39,12.7,Clothing,UPI,39,0
1796.66,24,3,52,11.7,Clothing,UPI,42,0
2284.56,25,6,30,10.9,Electronics,UPI,18,1
1144.92,45,18,18,8.2,Books,COD,7,1
1209.71,46,21,32,7.9,Electronics,Debit Card,4,1
1503.68,32,9,25,3.1,Clothing,UPI,74,1
2009.65,32,4,44,1.2,Clothing,UPI,30,1
5564.45,5,1,0,15.5,Home,Debit Card,50,0
1030.79,36,6,10,21.9,Clothing,Credit Card,45,0
568.45,46,9,1,12.0,Clothing,UPI,31,1
4817.19,42,5,52,2.6,Footwear,COD,46,0
977.95,49,2,34,8.0,Footwear,Credit Card,54,0
5050.7,42,10,12,4.0,Electronics,Debit Card,46,0
4317.83,39,4,38,6.2,Clothing,COD,5,0
2646.55,16,4,33,3.1,Books,UPI,10,0
4233.76,33,8,33,8.8,Clothing,Credit Card,23,0
501.65,49,18,34,14.3,Clothing,Credit Card,7,1
701.58,21,9,31,10.8,Electronics,COD,58,0
2205.87,9,1,44,5.6,Home,UPI,47,0
1379.2,6,0,11,9.4,Electronics,Debit Card,21,0
1043.63,45,19,32,1.7,Electronics,Credit Card,31,0
3183.0,35,11,17,13.9,Clothing,Debit Card,27,1
2165.17,39,3,4,12.2,Clothing,Debit Card,29,0
3768.83,22,10,18,10.6,Books,UPI,10,0
1393.63,41,2,30,18.2,Electronics,UPI,72,0
1787.37,5,0,26,10.3,Clothing,UPI,9,0
5312.11,42,7,41,6.0,Clothing,Credit Card,11,0
736.29,23,7,37,5.8,Home,COD,22,1
1702.2,17,2,49,6.3,Clothing,UPI,90,1
980.36,12,3,14,10.6,Footwear,Credit Card,50,0
5924.44,23,1,45,3.7,Clothing,COD,40,0
9740.31,16,9,55,4.4,Footwear,COD,66,1
2094.16,3,0,47,2.9,Clothing,Debit Card,63,0
2552.56,30,7,3,3.6,Clothing,Debit Card,19,0
1681.43,22,5,18,7.2,Footwear,UPI,16,0
1636.57,9,2,20,24.0,Clothing,UPI,4,0
1916.94,29,2,39,2.7,Home,UPI,49,0
703.26,47,1,56,17.4,Clothing,Credit Card,38,0
2870.4,37,4,0,4.6,Books,Credit Card,7,0
907.09,23,6,19,16.2,Clothing,UPI,55,0
1411.35,13,2,21,6.2,Electronics,UPI,14,1
1850.53,32,10,53,10.0,Clothing,UPI,76,0
1060.5,46,13,12,10.2,Electronics,UPI,85,0
2747.47,47,2,40,6.9,Clothing,COD,34,0
1296.21,48,7,0,6.7,Clothing,COD,21,0
3811.94,23,5,14,21.3,Books,UPI,36,0
982.55,45,4,60,8.6,Footwear,UPI,63,0
1608.7,17,6,14,6.2,Clothing,COD,42,1
853.79,40,6,13,30.4,Home,UPI,49,0
3596.57,21,1,4,32.1,Electronics,COD,71,1
1454.42,2,1,57,41.4,Books,UPI,85,0
1224.16,37,8,48,2.2,Clothing,Credit Card,10,1
1582.93,6,1,5,0.7,Electronics,Debit Card,21,0
1674.61,44,7,40,9.9,Home,UPI,80,0
2401.19,18,1,30,22.2,Clothing,UPI,63,1
2636.97,30,3,51,8.0,Footwear,Debit Card,89,1
1626.02,22,0,25,19.8,Books,COD,77,0
1759.22,33,7,57,20.8,Books,Debit Card,50,0
300.0,30,4,24,4.6,Books,Debit Card,27,0
1317.64,17,1,50,7.0,Clothing,COD,8,1
4922.05,43,2,58,1.4,Home,UPI,30,0
2475.23,32,3,54,2.9,Clothing,UPI,71,0
853.04,42,5,52,3.7,Home,UPI,30,1
1378.48,14,2,57,2.1,Clothing,UPI,18,1
1190.72,10,3,48,9.7,Clothing,Debit Card,23,0
3824.09,47,5,38,2.1,Books,UPI,38,1
3561.84,36,4,39,16.9,Home,UPI,30,1
1046.59,34,11,14,22.2,Books,UPI,30,1
1820.59,9,1,5,20.0,Clothing,UPI,72,1
817.59,42,21,0,12.9,Electronics,UPI,76,0
1166.04,28,3,40,0.2,Books,UPI,74,0
1196.52,11,2,6,15.2,Clothing,COD,71,1
1105.9,14,5,53,16.3,Books,Debit Card,39,0
2336.35,39,8,51,3.6,Home,COD,17,0
4648.97,47,1,50,13.6,Books,COD,69,0
1733.35,19,3,3,10.7,Footwear,COD,85,0
863.97,15,3,0,6.1,Home,UPI,52,0
2091.58,28,1,40,10.7,Electronics,COD,79,1
2093.58,24,1,1,19.7,Books,Credit Card,13,0
1584.27,8,3,47,4.7,Electronics,UPI,7,1
6643.41,43,8,33,4.6,Electronics,Debit Card,88,0
2144.99,9,1,34,10.6,Footwear,UPI,68,0
2701.8,47,5,45,6.1,Home,UPI,60,0
376.32,33,6,12,3.0,Home,UPI,83,0
921.48,33,7,16,16.6,Clothing,Credit Card,46,1
2590.84,19,1,9,11.0,Home,Debit Card,35,0
2205.41,3,1,2,1.0,Home,UPI,29,1
1387.22,10,2,3,14.4,Footwear,Debit Card,34,1
2483.68,40,7,24,13.3,Clothing,UPI,8,0
3460.3,47,7,36,9.9,Footwear,UPI,66,0
1298.57,42,6,42,6.7,Books,UPI,4,0
1168.99,1,0,37,6.3,Books,COD,66,0
1511.43,29,4,28,12.9,Electronics,COD,57,0
2562.39,34,6,0,2.3,Electronics,UPI,4,0
1210.98,13,2,50,11.4,Electronics,COD,85,1
3284.74,1,0,29,13.2,Clothing,Debit Card,73,1
1290.25,34,9,38,16.1,Clothing,UPI,66,1
1222.08,29,8,54,4.5,Footwear,Credit Card,20,0
9344.23,48,9,9,5.4,Footwear,Debit Card,55,0
761.88,47,25,28,12.7,Clothing,Credit Card,6,0
3125.04,13,2,43,4.4,Clothing,Credit Card,29,0
510.55,48,6,31,2.4,Clothing,Credit Card,80,1
2866.15,49,2,43,7.2,Electronics,UPI,5,1
11899.55,29,4,60,26.2,Home,UPI,37,1
3789.27,39,8,0,8.8,Clothing,Credit Card,9,1
4613.07,24,11,40,1.3,Footwear,Debit Card,37,1
1690.44,26,5,16,9.7,Clothing,Debit Card,39,0
3496.75,17,2,54,6.8,Footwear,Credit Card,63,0
2151.8,7,1,11,3.2,Footwear,UPI,57,0
7466.45,13,6,59,5.4,Clothing,UPI,40,0
833.27,5,1,1,22.1,Footwear,COD,64,1
4151.56,26,8,8,3.4,Electronics,Credit Card,3,1
2439.12,49,8,11,24.0,Clothing,Credit Card,43,0
954.35,3,1,59,8.3,Home,UPI,25,0
1492.01,7,0,24,6.2,Footwear,UPI,55,0
589.54,49,19,56,6.5,Home,UPI,36,0
300.0,39,4,35,6.9,Clothing,Debit Card,58,1
780.79,1,0,53,23.3,Electronics,Credit Card,77,1
1377.97,49,6,60,0.9,Electronics,Credit Card,19,0
1913.77,17,5,43,6.2,Clothing,COD,59,1
722.81,43,11,49,6.8,Clothing,UPI,16,1
1448.64,25,7,34,13.1,Footwear,UPI,2,0
2133.44,3,0,21,8.0,Home,UPI,65,1
1207.75,15,1,32,8.6,Home,Credit Card,59,0
848.44,29,5,54,24.8,Footwear,COD,48,1
1083.61,43,6,49,8.7,Clothing,COD,3,1
4608.27,32,8,55,5.8,Clothing,Credit Card,26,1
539.86,26,1,20,8.5,Clothing,Debit Card,14,0
4056.38,16,1,54,9.0,Clothing,COD,24,1
4702.02,25,4,39,2.3,Footwear,Credit Card,35,0
1408.99,28,14,50,17.6,Home,UPI,88,1
2495.14,9,1,21,11.2,Footwear,Debit Card,6,1
1046.66,1,0,27,3.7,Electronics,Debit Card,62,0
2180.7,29,5,56,10.9,Books,Credit Card,36,0
8591.33,22,8,3,1.9,Clothing,UPI,29,1
4401.96,16,6,25,11.9,Books,UPI,13,0
1270.97,41,5,22,13.7,Home,Credit Card,8,1
